file,id,translation_id,word_id,yoruba_text,english_text,reason,translation,confidence
scraped_data\all_yoruba_words_examples.csv,34,3.0,2,(b) Kí ni ẹ̀jẹ́ tí Jèhófà ṣì má a san fún à wọn èèyà n rẹ̀,(b) Àwọn ìbéèrè pàtàkì wo ni a lè béèrè?(b) What pertinent questions may beasked? jw2019,English text contains Yoruba characters,,
scraped_data\all_yoruba_words_examples.csv,35,3.0,2,(b) What commitment does Jehovah still have with regard to his people,(b) Àwọn ìbéèrè pàtàkì wo ni a lè béèrè?(b) What pertinent questions may beasked? jw2019,English text contains Yoruba characters,,
scraped_data\all_yoruba_words_examples.csv,38,,2,(b) Ìmọ̀rà n tí ó bá à kókò mu wo ni aposteli Paulu fún à wọn Kristian ní Jerusalemu,(b) Kí ló ń múnú Jèhófà dùn láìka ohun tó ń ṣẹlẹ̀ láyé?(b) What contrast does Jehovah see when he observes today’s world? jw2019,English text contains Yoruba characters,,
scraped_data\all_yoruba_words_examples.csv,39,,2,(b) What timely advice did the apostle Paul give to the Christians in Jerusalem,(b) Kí ló ń múnú Jèhófà dùn láìka ohun tó ń ṣẹlẹ̀ láyé?(b) What contrast does Jehovah see when he observes today’s world? jw2019,English text contains Yoruba characters,,
scraped_data\all_yoruba_words_examples.csv,42,,2,(b) Kí ló túmọ̀ sí lati má ṣe fi ìmọ́lẹ̀ wa pamọ́ sá bẹ́ “apẹ̀rẹ̀ ìdíwọ̀n”,(b) Ọ̀nà wo ni Sọ́ọ̀lù gbà ṣe inúnibíni sí Dáfídì?(b) What methods did Saul use to persecute David? jw2019,English text contains Yoruba characters,,
scraped_data\all_yoruba_words_examples.csv,43,,2,(b) How is it that we do not hide spiritual light under a “measuring basket”,(b) Ọ̀nà wo ni Sọ́ọ̀lù gbà ṣe inúnibíni sí Dáfídì?(b) What methods did Saul use to persecute David? jw2019,English text contains Yoruba characters,,
scraped_data\all_yoruba_words_examples.csv,48,,2,(b) Bá wo ló ṣe jọ pé wọ́n má a yí à fiyèsí sí “ẹgbẹ́ ọmọ ogun ibi gíga” lẹ́yìn “ọjọ́ púpọ̀ yanturu”,(b) Báwo ni Bíbélì ṣe ṣàpèjúwe ìkójọpọ̀ yìí?(b) How does the Bible describe this ingathering? jw2019,English text contains Yoruba characters,,
scraped_data\all_yoruba_words_examples.csv,49,,2,"(b) Likely, how will “the army of the height” be given attention “after an abundance of days”",(b) Báwo ni Bíbélì ṣe ṣàpèjúwe ìkójọpọ̀ yìí?(b) How does the Bible describe this ingathering? jw2019,English text contains Yoruba characters,,
scraped_data\all_yoruba_words_examples.csv,52,,2,(b) Ẹ̀kọ́ à ríkọ́gbọ́n wo tí ó wémọ́ ìgboyà ni a kọ́ lá ra Joṣua à ti Kalebu,(b) Ipo wo ni awọn opitan ti kii ṣe Kristẹni fifun Jesu?(b) What place in history does a non-Christian historian give to Jesus? jw2019,English text contains Yoruba characters,,
scraped_data\all_yoruba_words_examples.csv,53,,2,(b) What lesson involving courage do we learn from Joshua and Caleb,(b) Ipo wo ni awọn opitan ti kii ṣe Kristẹni fifun Jesu?(b) What place in history does a non-Christian historian give to Jesus? jw2019,English text contains Yoruba characters,,
scraped_data\all_yoruba_words_examples.csv,56,,2,(b) Kí ni ó yẹ kí ó jẹ́ ète ìsúnniṣe wa ní yíyan à fikún ìmọ̀ ẹ̀kọ́ nígbà tí ó bá dà bíi pé ó pọn dandan,(b) Báwo ni Jésù ṣe kọ́ àwọn àpọ́sítélì rẹ̀ lẹ́kọ̀ọ́ lórí ìwà ìrẹ̀lẹ̀?(b) How did Jesus teach his apostles a lesson in humility? jw2019,English text contains Yoruba characters,,
scraped_data\all_yoruba_words_examples.csv,57,,2,(b) What should be our motive in choosing further education when that may appear necessary,(b) Báwo ni Jésù ṣe kọ́ àwọn àpọ́sítélì rẹ̀ lẹ́kọ̀ọ́ lórí ìwà ìrẹ̀lẹ̀?(b) How did Jesus teach his apostles a lesson in humility? jw2019,English text contains Yoruba characters,,
scraped_data\all_yoruba_words_examples.csv,59,,2,(b) Bá wo ni Jésù ṣe kọ́ à wọn à pọ́sítélì rẹ̀ lẹ́kọ̀ọ́ lórí ìwà ìrẹ̀lẹ̀,"(b) Tá a bá sọ pé Kristẹni kan dàgbà dénú, kí ló túmọ̀ sí?(b) What does it mean for a Christian to be mature? jw2019",English text contains Yoruba characters,,
scraped_data\all_yoruba_words_examples.csv,65,,2,(b) Kí là wọn ẹ̀ka iléeṣẹ́ kan sọ nípa à wọn tó ti ilẹ̀ òkèèrè wá sìn ní ìpínlẹ̀ tá wọn ẹ̀ka ná à ń bójú tó,(b) Awọn idi wo fun ayọ ni awọn ọmọ-ẹhin Jesu ni?(b) What reasons for happiness did Jesus’ disciples have? jw2019,English text contains Yoruba characters,,
scraped_data\all_yoruba_words_examples.csv,66,,2,(b) What did some branch offices say about those from abroad who serve in the branch territo ry,(b) Awọn idi wo fun ayọ ni awọn ọmọ-ẹhin Jesu ni?(b) What reasons for happiness did Jesus’ disciples have? jw2019,English text contains Yoruba characters,,
scraped_data\all_yoruba_words_examples.csv,68,,2,(b) Awọn idi wo fun ayọ ni awọn ọmọ-ẹhin Jesu ni,(b) Èéṣe tí Jehofa fi yọ̀ǹda kí Jesu kú?(b) Why did Jehovah allow Jesus to die? jw2019,English text contains Yoruba characters,,
scraped_data\all_yoruba_words_examples.csv,69,,2,(b) What reasons for happiness did Jesus’ disciples have,(b) Èéṣe tí Jehofa fi yọ̀ǹda kí Jesu kú?(b) Why did Jehovah allow Jesus to die? jw2019,English text contains Yoruba characters,,
scraped_data\all_yoruba_words_examples.csv,211,,20,"A ṣẹ̀ṣẹ̀ ń parí à wọn ọ̀nà abẹ́lẹ̀ ní lọ́ọ́lọ́ọ́ tà bí pé a ń kọ́ wọn lọ́wọ́ ní à wọn ìlú ń lá kan bíiBangkok, Medellín, Seoul, Shanghai, Taipei, à ti Warsaw.","Subways have recently been completed or are under construction in such cities as Bangkok, Medellín, Seoul, Shanghai, Taipei, and Warsaw.",English text contains Yoruba characters,,
scraped_data\all_yoruba_words_examples.csv,275,,33,"Òtú ẹgbẹ́ Frères Maristes ní ilé ẹ̀kọ́ kan tí ó tó bi, à wọn gbọ̀ngà n ilé gbígbé, à ti à wọn ilé oko ní à gbègbè olókè kan tí ó wà ní nǹkan bíi kìlómítà 25 síBeijing.","In a mountainous region about 15 miles [25 km] from Beijing, the Frères Maristes religious order had a large school, dormitories, and farm buildings.",English text contains Yoruba characters,,
scraped_data\all_yoruba_words_examples.csv,439,126.0,49,"Bi aba ri aga ifi okan bale eyi ti awon alagbara aye ti fi agbara pelu etan gba lo lowo re, owo agbara Igbani eyi to sawari ake to bo sinu odo jade!",Auto Correct,Unusual length ratio (12.2),,
scraped_data\all_yoruba_words_examples.csv,516,,59,À wòrá n Ẹ̀yìn Ìwé: Akéde Ìjọba Ọlọ́run tó ń wà á sù fún darandaran kan ní à gbègbè Bafatá ní orílẹ̀-èdè Guinea-Bissau,COVER: A Kingdom publisher witnessing to a shepherd in the Bafatá region of Guinea-Bissau,English text contains Yoruba characters,,
scraped_data\all_yoruba_words_examples.csv,517,144.0,59,Guinea-Bissau,Guinea-Bissau · Republic of Guinea-Bissau,Unusual length ratio (0.3),,
scraped_data\all_yoruba_words_examples.csv,615,166.0,76,"À wọn ọ̀rọ̀ òkè yìí wá lá ti inú ìwé ná à , Jeová dentro do Judaísmo e do Cristianismo (Jèhófà nínú ẹ̀sìn à wọn Júù à ti ti Kristẹni), lá ti ọwọ́ òǹkọ̀wé ará Brazil ná à , AssisBrasil.","The above words are from the book Jeová dentro do Judaísmo e do Cristianismo (Jehovah in Judaism and Christianity), by Brazilian writer Assis Brasil.",English text contains Yoruba characters,,
scraped_data\all_yoruba_words_examples.csv,670,,86,"Nígbà à péjọpọ̀ à gbá yé ní Budapest, ìwé agbéròyìnjá de ilẹ̀ Hungary ná à , Színes Vasá rnap, sọ nípa À wọn Ẹlẹ́rìí Jèhófà pé: “Bucharestni ibi tí wọ́n ti wéwèé tẹ́lẹ̀ lá ti ṣe ìpà dé ọlọ́dọọdún wọn, à mọ́ níto rí à takò lá ti ọ̀dọ̀ à wọn Kristẹni Ọ́tọ́dọ́ọ̀sì, à wọn òṣìṣẹ́ ilẹ̀ Romania kò fún À wọn Ẹlẹ́rìí Jèhófà lá yè lá ti ṣe bẹ́ẹ̀.”","During the international convention in Budapest, the Hungarian newspaper Színes Vasárnap observed regarding Jehovah's Witnesses: “Bucharestwas where they originally planned to hold their annual international meeting, but because of opposition from Orthodox Christians, the Romanian officials did not give Jehovah's Witnesses permission to do so.”",English text contains Yoruba characters,,
scraped_data\all_yoruba_words_examples.csv,683,,87,"Ẹ wo bí inú mi ti dùn tó lá ti rí i tí à búrò mi ọkùnrin tí ó kéré jù lọ, Lá szló, à ti ìyà wó rẹ̀ ṣèrìbọmi níBudapest!","How delighted I was to see my youngest brother, László, and his wife baptized in Budapest!",English text contains Yoruba characters,,
scraped_data\all_yoruba_words_examples.csv,687,,87,"A mu wọn lọ si ọgbà ẹ̀wọ̀n abẹlẹ ti o lorukọ buburu naa ní 60, Opopona Andrá ssy níBudapest, lati lè “mú wọn rọ̀.”","They were taken to the infamous underground prison at 60 Andrássy Street in Budapest, to be “softened.”",English text contains Yoruba characters,,
scraped_data\all_yoruba_words_examples.csv,688,,87,"Ibòmírà n tí wọ́n tún kó wa lọ ni ọgbà ẹ̀wọ̀n ògbólógbó kan ní Komá rom, ìlú kan ní bèbè Odò Danube, tó jẹ́ nǹkan bí ọgọ́rin kìlómítà lá pá ìwọ̀ oòrùnBudapest.","Our next destination was an old prison in Komárom, a city on the Danube River, about 50 miles [80 km] west of Budapest.",English text contains Yoruba characters,,
scraped_data\all_yoruba_words_examples.csv,689,,87,"Ní May 1943, wọ́n gbé mi lọ sí ọgbà ẹ̀wọ̀n mìírà n nílùúBudapest, lẹ́yìn ná à wọ́n tún gbé mi lọ si abúlé kan tó ń jẹ́ Má rianosztra, níbi tá a ti ń gbé nílé à wọn ajẹ́jẹ̀ẹ́ ìnìkà ngbé pẹ̀lú nǹkan bí à á dọ́rin à wọn obìnrin ajẹ́jẹ̀ẹ́ ìnìkà ngbé.","In May 1943, I was transferred to another prison in Budapestand later to the village of Márianosztra, where we lived in a monastery with some 70 nuns.",English text contains Yoruba characters,,
scraped_data\all_yoruba_words_examples.csv,692,,87,"Laika ojú-ọjọ́ ti kò dara si, a ṣe é ní Népstadion níBudapest, nibi ti 40,601 eniyan ti pade lati gbadun ọyà yà ìfẹ́ ará .","In spite of the bad weather, it was held at Népstadion in Budapest, where 40,601 met to enjoy the warmth of brotherly love.",English text contains Yoruba characters,,
scraped_data\all_yoruba_words_examples.csv,699,,87,"Lẹ́yìn ná à , ní July 1991, a nírìírí ìbùkún kan tí ó kọjá ohun tí a fọkà n fẹ́ jù lọ—à péjọpọ̀ kan ní pá pá ìṣeré ń lá Népstadion níBudapest, tí à wọn tí ó lé ní 40,000 à yà nṣaṣojú wá .","Then, in July of 1991, we experienced a blessing beyond our fondest dreams—a convention at Budapest'shuge Népstadion, attended by more than 40,000 delegates.",English text contains Yoruba characters,,
scraped_data\all_yoruba_words_examples.csv,700,,87,"Nígbà à péjọpọ̀ à gbá yé níBudapest, ìwé agbéròyìnjá de ilẹ̀ Hungary ná à , Színes Vasá rnap, sọ nípa À wọn Ẹlẹ́rìí Jèhófà pé: “Bucharest ni ibi tí wọ́n ti wéwèé tẹ́lẹ̀ lá ti ṣe ìpà dé ọlọ́dọọdún wọn, à mọ́ níto rí à takò lá ti ọ̀dọ̀ à wọn Kristẹni Ọ́tọ́dọ́ọ̀sì, à wọn òṣìṣẹ́ ilẹ̀ Romania kò fún À wọn Ẹlẹ́rìí Jèhófà lá yè lá ti ṣe bẹ́ẹ̀.”","During the international convention in Budapest, the Hungarian newspaper Színes Vasárnap observed regarding Jehovah's Witnesses: “Bucharest was where they originally planned to hold their annual international meeting, but because of opposition from Orthodox Christians, the Romanian officials did not give Jehovah's Witnesses permission to do so.”",English text contains Yoruba characters,,
scraped_data\all_yoruba_words_examples.csv,701,,87,"À wọn akéde yìí ń wà á sù fún ẹnì kan tó nífẹ̀ẹ́ sí ọ̀rọ̀ wọn ní gbà gede Vigadó Square nílùúBudapest, orílẹ̀-èdè Hungary","These happy publishers are sharing the Kingdom message with an appreciative listener at Vigadó Square in Budapest, Hungary",English text contains Yoruba characters,,
scraped_data\all_yoruba_words_examples.csv,793,192.0,94,15 Ó dá jú pé ẹrù iṣẹ́ ná à lá ti ran à wọn ẹlòmírà n lọ́wọ́ kò mọ sí kìkì ìgbà tí à lá á fíà à ti ìṣọ̀kan ìjọ bá fẹ́bà jẹ́,"12 Àmọ́ ìdààmú bá Sekaráyà nítorí ohun tó rí, ẹ̀rù sìbàá gidigidi.12 But Zech·a·riʹah became troubled at the sight, and he was overcome withfear. jw2019",English text contains Yoruba characters,,
scraped_data\all_yoruba_words_examples.csv,797,,94,"Níwọ̀n bí ó ti béèrè pé kí à wọn kòkòrò tíntìntín wà kí nǹkan tó bà , Pasteur ronú pé ohun kan ná à ní lá ti ṣẹlẹ̀ nípa à wọn à rùn à kórà n",O lè borí ẹ̀rù tó máa ńbàẹ́ láti ṣàlàyé àwọn nǹkan tó o gbà gbọ́You can conquer yourfearof defending your beliefsjw2019,English text contains Yoruba characters,,
scraped_data\all_yoruba_words_examples.csv,800,,94,"Ìtara tí Dá fídì ní jẹ́ owú tó dá ra tí kò fà yè gba ìdíje tà bí ìkẹ́gà n, tó sì má a ń súnni lá ti ṣe ohun tí kò ní ba orúkọ rere jẹ́ tà bí lá ti ṣà túnṣe ohun tó tibà jẹ́","Bí o ṣe ń tẹ̀ lé e, ó ń sá síwájú títí ọwọ́ rẹ kò fibàá. As you follow the bird, it keeps just aheadofyou. jw2019",English text contains Yoruba characters,,
scraped_data\all_yoruba_words_examples.csv,804,192.0,94,Ẹ̀rù lè má abà wọ́n lá ti tọrọ à yè níbi iṣẹ́ lá ti lọ gbá dùn ìtòlẹ́sẹẹsẹ à péjọ à gbègbè lá tìbẹ̀rẹ̀ dópin kí wọ́n sì lè jọ́sìn Jèhófà pẹ̀lú à wọn ará kùnrin wọn,"Ọ̀rọ̀ tó sọ yẹn fi hàn pé nǹkan tibàjẹ́ jìnnà, síbẹ̀, Bíbélì jẹ́ ká mọ̀ pé ìwà ìbàjẹ́ máa tó dópin. While the situation might seemtobe hopeless, the Bible shows that even greater changes are not only possible but also certaintohappen. jw2019",English text contains Yoruba characters,,
scraped_data\all_yoruba_words_examples.csv,808,192.0,94,"Nígbà tí ará bìnrin kan tó ń gbé lá gbègbè yẹn rí ipa ribiribi tá wọn ará sà lá ti ṣà túnṣe à wọn ibi tó bà jẹ́, ó sọ pé “orí òun wú, inú òun sì dùn",Wọ́n dá wọn lóró títí wọ́n fi kú lójú gbogbo àwa ẹlẹ́wọ̀n kí ẹ̀rù lèbàwá láti má ronú àtisálọ rárá. They were cruelly torturedtodeath in front of all the prisonerstoscare them into not even thinking of escaping. jw2019,English text contains Yoruba characters,,
scraped_data\all_yoruba_words_examples.csv,810,192.0,94,Wọ́n dá wọn lóró títí wọ́n fi kú lójú gbogbo à wa ẹlẹ́wọ̀n kí ẹ̀rù lèbà wá lá ti má ronú à tisá lọ rá rá,"Nítorí ìdí yẹn àtàwọn nǹkan mìíràn tó ṣẹlẹ̀, ọ̀pọ̀ sọ̀rètí nù, èyí sìbàwọ́n lọ́kàn jẹ́. As a result of this and other developments, many were disappointed and a fewbecame embittered. jw2019",English text contains Yoruba characters,,
scraped_data\all_yoruba_words_examples.csv,812,192.0,94,"Níto rí ìdí yẹn à tà wọn nǹkan mìírà n tó ṣẹlẹ̀, ọ̀pọ̀ sọ̀rètí nù, èyí sìbà wọ́n lọ́kà n jẹ́","Bí mo ti ń wakọ̀ lọ sí ilé ìtajà náà—ó ṣe tán, ìyá mi ṣì nílò búrẹ́dì náà—ẹ̀rù ńbàmí. As I drovetothe store—after all, my mother still needed the bread—I was in shock. jw2019",English text contains Yoruba characters,,
scraped_data\all_yoruba_words_examples.csv,815,192.0,94,"▪ Loju iwoye ohun ti Johanu mọ̀ nipa Jesu, eeṣe ti oun ti lè má ni iyalẹnu nigba ti ẹmi Ọlọrunbà lé Jesu","Inú mibàjẹ́ gan-an ju ti ìgbàkigbà rí lọ, nítorí pé ńṣe ló wá jọ pé kò sí ẹni tí mo lè yíjú sí fún ìrànlọ́wọ́ mọ́. I became more despondent than ever, as I seemingly had nowhere elsetoturn for help. jw2019",English text contains Yoruba characters,,
scraped_data\all_yoruba_words_examples.csv,849,200.0,96,bà bà owó kobóà kà ngbà,copper,Unusual length ratio (3.8),,
scraped_data\all_yoruba_words_examples.csv,850,200.0,96,bà bà owó kọbọ́à kà ngbà,copper,Unusual length ratio (4.0),,
scraped_data\all_yoruba_words_examples.csv,852,210.0,99,bà bá bà bá,father's father · grandfather · paternal grandfather,Unusual length ratio (0.2),,
scraped_data\all_yoruba_words_examples.csv,997,,108,Ọ̀bà rà gba kùm̀mọ̀; ó dÍfá fún a-lá wìí-ì-gbọ́.,Ọ̀bàràreceive acudgel blow; it consulted the Ifá oracle for a disobedient child.,English text contains Yoruba characters,,
scraped_data\all_yoruba_words_examples.csv,1013,250.0,109,"Irínwó ẹfọ̀n, ẹgbẹ̀rin ìwo, ogún-un Fúlà ní, ójìibà tà ; Ògídíolú ò wẹ̀yìn tó fi lé Adalo lùgbẹ́.","Four hundred buffaloes with eight hundred horns, twenty Fulbe men and fortyshoes; Ògídíolú did not look back until he had chased Adalo into the bush.",English text contains Yoruba characters,,
scraped_data\all_yoruba_words_examples.csv,1078,,112,"Ìròyìn kan lá tinú ìwé ìròyìn Time sọ pé: “Ó dà bíi pé ayọ̀ tà bí ohunkóhun míì tó bá lè mú ìtura ọkà n wá , ìyẹn bíi kéèyà n ní à gbọ́kà nlé, kéèyà n má a ro èrò rere à ti kéèyà n ní ìtẹ́lọ́rùn má a ń dín ewu à rùn tó jẹ mọ́ ọkà n à ti òpójẹ̀, à rùn ẹ̀dọ̀fóró, à tọ̀gbẹ, ẹ̀jẹ̀ ríru, òtútù à ti à kórà n tí kì í jẹ́ kéèyà n lè mí dá adá a kù","Arákùnrin Swingle fi kún ọ̀rọ̀ rẹ̀ pé: “Wíwá síhìn-ín láti wá kẹ́kọ̀ọ́ a máa sọni di onírẹ̀lẹ̀. Ìgbà tí ẹ óòbásì kúrò níhìn-ín, a óò ti túbọ̀ mú yín gbára dì láti gbé Jèhófà ga.”“It is a humbling experience to come here and spend time listening to instruction,” Brother Swingle said, adding: “You go away from here much better equipped to magnify Jehovah.”jw2019",English text contains Yoruba characters,,
scraped_data\all_yoruba_words_examples.csv,1080,,112,"Ìgbà tí ẹ óòbá sì kúrò níhìn-ín, a óò ti túbọ̀ mú yín gbá ra dì lá ti gbé Jèhófà ga","Látàrí èyí, ó kùnà láti máabáa nìṣó láti jẹ́ olóòótọ́ sí Ọlọ́run. In the most important area of life —faithfulness to God— Solomon failed. jw2019",English text contains Yoruba characters,,
scraped_data\all_yoruba_words_examples.csv,1083,,112,"Èyíbá bí Bíbélì ṣe ṣà pèjúwe ọ̀nà tí Sólómọ́nì gbà ṣiṣẹ́ ìkọ́lé rẹ̀ mu, pé: “Ní ti à gbà lá tító bi ná à , ẹsẹ mẹ́ta òkúta gbígbẹ́ à ti ẹsẹ kan ìtì igi kédá rì wà yí i ká ; à ti èyí pẹ̀lú fún à gbà lá inú lọ́hùn-ún ilé Jèhófà , à ti fún gọ̀bì ilé ná à","(1 Sámúẹ́lì 25:41; 2 Àwọn Ọba 3:11) Ẹ̀yin òbí, ǹjẹ́ ẹ máa ń gba àwọn ọmọ yín kékeré àtàwọn tó wà lọ́dọ̀ọ́ níyànjú pé kí wọ́n máa fayọ̀ ṣe iṣẹ́ èyíkéyìí tá abáfún wọn ṣe, ì báà jẹ́ ní Gbọ̀ngàn Ìjọba tàbí ní gbọ̀ngàn àpéjọ?(1 Samuel 25:41; 2 Kings 3:11) Parents, do you encourage your children and teenagers to work cheerfully at any assignment that they are given to do, whether at the Kingdom Hall, at an assembly, or at a convention site? jw2019",English text contains Yoruba characters,,
scraped_data\all_yoruba_words_examples.csv,1085,,112,"(1 Sá múẹ́lì 25:41; 2 À wọn Ọba 3:11) Ẹ̀yin òbí, ǹjẹ́ ẹ má a ń gba à wọn ọmọ yín kékeré à tà wọn tó wà lọ́dọ̀ọ́ níyà njú pé kí wọ́n má a fayọ̀ ṣe iṣẹ́ èyí kéyìí tá abá fún wọn ṣe, ì bá à jẹ́ ní Gbọ̀ngà n Ìjọba tà bí ní gbọ̀ngà n à péjọ","Bí wọ́nbáń pinnu ohun tí wọ́n máa ṣe, wọn kò gbọ́dọ̀ gbàgbé láti ronú lórí ohun tí Jèhófà máa fẹ́ kí wọ́n ṣe. Inmakingtheir decision, they must not fail to consider how Jehovah feels about what they are doing. jw2019",English text contains Yoruba characters,,
scraped_data\all_yoruba_words_examples.csv,1088,,112,"Bí à pẹẹrẹ, lẹ́yìn tí ìyà wó ará kùnrin kan kú tó sì tún lá wọn ìṣòro míì tó ń pinni lẹ́mìí, ó sọ pé: “Mo wá mọ̀ pé a ò lè yan à wọn à dá nwò tó má a débá wa, bẹ́ẹ̀ ná à la ò lè yan à kókò tá a fẹ́ ká wọn à dá nwò ná à dé tà bíbá a ṣe fẹ́ kí wọ́n jìnnà síra tó","Láwọn ibì kan, ìwà àrífín ló jẹ́ fún èèyàn láti máa la orúkọ mọ́ ẹni tó jù ú lọ lórí, àyàfi tóbájẹ́ pé onítọ̀hún ló ní kó máa pe òun lórúkọ. In some cultures, it is considered poor manners to address a person older than oneself by his first name unless invited to do so by the older one. jw2019",English text contains Yoruba characters,,
scraped_data\all_yoruba_words_examples.csv,1090,,112,"Lá wọn ibì kan, ìwà à rífín ló jẹ́ fún èèyà n lá ti má a la orúkọ mọ́ ẹni tó jù ú lọ lórí, à yà fi tó bá jẹ́ pé onítọ̀hún ló ní kó má a pe òun lórúkọ","24 Lẹ́yìn náà, àwọn kan lára àwọn tó wà pẹ̀lú wa lọ sí ibojì* náà,+ wọ́n sìbáibẹ̀ bí àwọn obìnrin náà ṣe sọ gẹ́lẹ́, àmọ́ wọn ò rí i.”24 Then some of those who were with us went off to the tomb,*+ and they found it just as the women had said, but they did notseehim.”jw2019",English text contains Yoruba characters,,
scraped_data\all_yoruba_words_examples.csv,1092,,112,"24 Lẹ́yìn ná à , à wọn kan lá ra à wọn tó wà pẹ̀lú wa lọ sí ibojì* ná à ,+ wọ́n sìbá ibẹ̀ bí à wọn obìnrin ná à ṣe sọ gẹ́lẹ́, à mọ́ wọn ò rí i","Tá abáń tẹ̀ lé àwọn ìlànà yìí, kò ní jẹ́ kí ẹ̀kọ́ òtítọ́ ṣòro láti lóye fáwọn èèyàn. Ifwe follow this guideline, we will not make the truth more complicated than it needs to be. jw2019",English text contains Yoruba characters,,
scraped_data\all_yoruba_words_examples.csv,1096,,112,"Nígbà ayé Jésù à ti à wọn ọmọ ẹ̀yìn rẹ̀, ó tún mú ìturabá à wọn Júù tí ìròbìnújẹ́bá níto rí ìwà ibi tó wà ní Ísírẹ́lì, tó sì jẹ́ pé wọ́n ń rá re nínú ìgbèkùn à ṣà à tọwọ́dọ́wọ́ ti ẹ̀sìn à wọn Júù ní ọ̀rúndún kìíní","+ Tí Sọ́ọ̀lùbásì rí ọkùnrin èyíkéyìí tó lágbára tàbí tó láyà, á gbà á síṣẹ́ ogun.+When Saul saw any strong or courageous man, he would recruit him into his service. jw2019",English text contains Yoruba characters,,
scraped_data\all_yoruba_words_examples.csv,1098,,112,"+ Tí Sọ́ọ̀lùbá sì rí ọkùnrin èyí kéyìí tó lá gbá ra tà bí tó lá yà , á gbà á síṣẹ́ ogun",Báwo ni ìyá rẹ̀ ṣe máabáa wí? How will his motherdisciplinehim? jw2019,English text contains Yoruba characters,,
scraped_data\all_yoruba_words_examples.csv,1103,,112,"Nígbà tíyẹnbá ṣẹlẹ̀, mo má a ń gbà dúrà sí Jèhófà , ó sì má a ń sọ ìpinnu mi dọ̀tun lá ti má abá a lọ lá ti ṣe à wọn ohun ti mo ṣì lè ṣe","Nígbà tó sì jẹ́ pé kò tíì ṣègbéyàwó, lóbábéèrè pé: “Báwo ni èyí yóò ṣe rí bẹ́ẹ̀, níwọ̀n bí èmi kò ti ń ní ìbádàpọ̀ kankan pẹ̀lú ọkùnrin?”Not being married, she said: “How is this to be, since I am having no intercourse with a man?”jw2019",English text contains Yoruba characters,,
scraped_data\all_yoruba_words_examples.csv,1105,,112,"Nígbà tó sì jẹ́ pé kò tíì ṣègbéyà wó, lóbá béèrè pé: “Bá wo ni èyí yóò ṣe rí bẹ́ẹ̀, níwọ̀n bí èmi kò ti ń ní ìbá dà pọ̀ kankan pẹ̀lú ọkùnrin",Kí lo rí kọ́ látinú bí Jèhófà ṣebáṢébínà wí? What has Shebna’s experience taught you about God’sdiscipline? jw2019,English text contains Yoruba characters,,
scraped_data\all_yoruba_words_examples.csv,1108,,112,"13 Lẹ́yìn tí ará kùnrin kan à ti ará bìnrin rẹ̀ gbọ́ à sọyé kan ní à péjọ à yíká kan, wọ́n rí i pé ó pọn dandan kí à wọn yí ọ̀nà tí wọ́n ń gbà bá ìyá wọn lò padà , ẹni tí wọ́n ti yọ lẹ́gbẹ́ lá ti ọdún mẹ́fà sẹ́yìn tó sì ń gbé níbòmírà n",Ìtẹ̀síwájú yìí kan jíjẹ́ òjíṣẹ́ tí òye rẹ̀ nínú ọ̀rọ̀ Ọlọ́run jinlẹ̀ tó sì mọṣẹ́ rẹ̀ níṣẹ́ tóbádọ̀rọ̀ ká wàásù ìhìn rere. That includes progressing as a mature and effective minister ofthegood news. jw2019,English text contains Yoruba characters,,
scraped_data\all_yoruba_words_examples.csv,1297,,130,"Ibòmírà n tí wọ́n tún kó wa lọ ni ọgbà ẹ̀wọ̀n ògbólógbó kan ní Komá rom, ìlú kan níbèbè OdòDanube, tó jẹ́ nǹkan bí ọgọ́rin kìlómítà lá pá ìwọ̀ oòrùn Budapest.","Our next destination was an old prison in Komárom, a city on the Danube River, about 50 miles [80 km] west of Budapest.",English text contains Yoruba characters,,
scraped_data\all_yoruba_words_examples.csv,1303,318.0,132,béèrèfagbá ra béèrè,demand,Unusual length ratio (3.2),,
scraped_data\all_yoruba_words_examples.csv,1330,,133,"Èyí bá bí Bíbélì ṣe ṣà pèjúwe ọ̀nà tí Sólómọ́nì gbà ṣiṣẹ́ ìkọ́lé rẹ̀ mu, pé: “Ní ti à gbà lá tító bi ná à , ẹsẹ mẹ́ta òkúta gbígbẹ́ à ti ẹsẹ kan ìtì igi kédá rì wà yí i ká ; à ti èyí pẹ̀lú fún à gbà lá inú lọ́hùn-ún ilé Jèhófà , à ti fún gọ̀bìilé ná à","Ó ń bá àwọn ẹ̀yà tí kì í ṣe àlùfáà wọnú àgbàlá òde, ó sì ń bá wọn jáde, ó máa ń jókòó sí gọ̀bìẸnubodè Ìlà-Oòrùn, ó sì ń pèsè díẹ̀ lára àwọn ọrẹ ẹbọ tí àwọn èèyàn yóò rú. He enters and exits the outer courtyard with the nonpriestly tribes, sits in the porch of the East Gate, and provides some of the sacrifices for the people to offer. jw2019",English text contains Yoruba characters,,
scraped_data\all_yoruba_words_examples.csv,1333,,133,"Ní à á rín oṣù December, lá ìpẹ́ sígbà tí ìjì yẹn wá jà , ọkọ̀ òkun tó ń jẹ́ Erika, tó gbé epo rì sínú ìgbì alagbalúgbú omi òkun níbi tó ku nǹkan bí à á dọ́ta kìlómítà kó dé etíkun ìhà ìwọ̀ oòrùn ilẹ̀ Faransé, ó sì da ẹgbẹ̀rún mẹ́wà á tọ́ọ̀nù epo rọ̀bìsínú omi",Èké mọ ilée rẹ̀ ó wó; ọ̀dàlẹ́ mọ tirẹ̀ óbìdànù. The devious person builds a house and it collapses; the treacherous person builds one and it tumbles inruins. Menyo20k,English text contains Yoruba characters,,
scraped_data\all_yoruba_words_examples.csv,1335,,133,À gbá onílítà mọ́kà ndínlọ́gọ́jọ yìí ni wọ́n ṣì ń lò títí dòní olónìí fún títa epo rọ̀bì,"Ká ní kò sí epo rọ̀bìni, ìgbésí ayé ì bá yàtọ̀ pátápátá fún ọ̀pọ̀ èèyàn. Daily life for many would bedrastically different without oil. jw2019",English text contains Yoruba characters,,
scraped_data\all_yoruba_words_examples.csv,1338,,133,"Jésù sọ pé: “Òjò sì tú dà sílẹ̀, ìkún omi sì dé, ẹ̀fúùfù sì fẹ́, wọ́n sìbìlu ilé ná à , ṣùgbọ́n kò ya lulẹ̀, níto rí a ti fi ìpìlẹ̀ rẹ̀ sọlẹ̀ sórí à pá ta rà bà tà","Àwọn èròjà tó wá láti inú epo rọ̀bìni wọ́n fi ń ṣe ọ̀pọ̀lọpọ̀ àwọn ohun ìṣaralóge, ọ̀dà ìkunlé, yíǹkì, oògùn, ajílẹ̀, ike àti àìlóǹkà àwọn nǹkan mìíràn. A multitude of cosmetics, paints, inks, drugs, fertilizers, and plastics as well as a myriad of other items contain petroleum products. jw2019",English text contains Yoruba characters,,
scraped_data\all_yoruba_words_examples.csv,1340,,133,"À wọn èròjà tó wá lá ti inú epo rọ̀bìni wọ́n fi ń ṣe ọ̀pọ̀lọpọ̀ à wọn ohun ìṣaralóge, ọ̀dà ìkunlé, yíǹkì, oògùn, ajílẹ̀, ike à ti à ìlóǹkà à wọn nǹkan mìírà n",Àwọn ẹnubodè yìí ni ibi tí omi Odò Tígírísìbìwó lára ògiri ìlú Nínéfè. These gates referred to the opening made in the walls of Ninevehbythe waters of the Tigris River. jw2019,English text contains Yoruba characters,,
scraped_data\all_yoruba_words_examples.csv,1346,,133,"Gamalieli olukọ ofin naa pese à mọ̀rà n ọlọgbọn: “Ẹ gá fá rà fun awọn ọkunrin wọnyi, ki ẹ sì jọwọ wọn jẹ́ẹ́: nito ri bi imọ tabi iṣẹ yii bá jẹ́ ti eniyan, a óbìí ṣubu: ṣugbọn bi ti Ọlọrun bá ni, ẹyin ki yoo lèbìí ṣubu; ki ó má baa jẹ́ pe, a rí yin, ẹ ń bá Ọlọrun jà","Wọ́n ní ohun tó mú epo rọ̀bìwá nìyí, èyí tí olórí èròjà rẹ̀ jẹ́ hydrocarbon, ìyẹn àpapọ̀ èròjà hydrogen àti carbon. This processthenproduces petroleum, whose main components are hydrocarbons —that is, hydrogen and carbon. jw2019",English text contains Yoruba characters,,
scraped_data\all_yoruba_words_examples.csv,1350,320.0,133,"Nígbà tí Sà nhẹ́dírìn à wọn Júù fẹ́ pa à wọn à pọ́sítélì, ó kìlọ̀ fún ilé ẹjọ́ ná à pé: “Ẹ má to jú bọ ọ̀rà n à wọn ọkùnrin wọ̀nyí, ṣùgbọ́n ẹ jọ̀wọ́ wọn jẹ́ẹ́; (níto rí pé, bí ó bá jẹ́ pé lá ti ọ̀dọ̀ ènìyà n ni ìpètepèrò tà bí iṣẹ́ yìí ti wá , a óbìí ṣubú; ṣùgbọ́n bí ó bá jẹ́ pé lá ti ọ̀dọ̀ Ọlọ́run ni, ẹ kì yóò lèbìwọ́n ṣubú","Bí àpẹẹrẹ, bíbì léèyàn á kànbìbéèyàn bá lo egbòogi kan tí wọ́n ń lò gẹ́gẹ́ bí oògùn amáratuni lálòjù. For example, one herb used to relax the body inducesvomitingif taken in excess. jw2019",English text contains Yoruba characters,,
scraped_data\all_yoruba_words_examples.csv,1359,,133,"Síbẹ̀, lẹ́yìn tí Gà má líẹ́lì tó jẹ́ Farisí olókìkí à ti olùkọ́ Òfin ti yẹ ẹ̀sùn tí wọ́n fi kan à wọn Kristẹni ìjímìjí wò, ó ṣe kìlọ̀kìlọ̀ pé: “Ẹ má to jú bọ ọ̀rà n à wọn ọkùnrin wọ̀nyí, ṣùgbọ́n ẹ jọ̀wọ́ wọn jẹ́ẹ́; (níto rí pé, bí ó bá jẹ́ pé lá ti ọ̀dọ̀ ènìyà n ni ìpètepèrò tà bí iṣẹ́ yìí ti wá , a óbìí ṣubú; ṣùgbọ́n bí ó bá jẹ́ pé lá ti ọ̀dọ̀ Ọlọ́run ni, ẹ kì yóò lèbìwọ́n ṣubú;) bí bẹ́ẹ̀ kọ́, a lè wá rí yín ní ẹni tí ń bá Ọlọ́run jà ní ti gidi","Ó ń jẹ́ bẹ́ẹ̀ nítorí pé nígbà tí ẹ̀fúùfùlẹ̀lẹ̀ bá ńbìlu àwọn ọ̀jẹ̀lẹ́ ẹ̀ka igi náà, ṣe ló máa ń dà bí ẹni pé igi náà ń súfèé. Because when the wind rushes through the delicate branches, the tree seemingly lifts its voice. jw2019",English text contains Yoruba characters,,
scraped_data\all_yoruba_words_examples.csv,1393,,135,bí eré bí eré,before you know it · like play like play,Unusual length ratio (0.3),,
scraped_data\all_yoruba_words_examples.csv,1403,328.0,135,"À mọ́ ṣá o, iṣẹ́ tó gba kéèyà n má a gbé nǹkan ìjà lè múni jẹ̀bi ẹ̀jẹ̀bíwọ́n bá ké sí olúwarẹ̀ lá ti wá lo ohun ìjà ná à",(7) Wọ́n ń fibía ṣe lè kápá àwọn ìṣòro òde òní hàn.(7) They showhowto cope with today’s problems. jw2019,English text contains Yoruba characters,,
scraped_data\all_yoruba_words_examples.csv,1406,324.0,135,"Èyí bá bíBíbélì ṣe ṣà pèjúwe ọ̀nà tí Sólómọ́nì gbà ṣiṣẹ́ ìkọ́lé rẹ̀ mu, pé: “Ní ti à gbà lá tító bi ná à , ẹsẹ mẹ́ta òkúta gbígbẹ́ à ti ẹsẹ kan ìtì igi kédá rì wà yí i ká ; à ti èyí pẹ̀lú fún à gbà lá inú lọ́hùn-ún ilé Jèhófà , à ti fún gọ̀bì ilé ná à","Ṣùgbọ́n gẹ́gẹ́ bẹ́ẹ̀ ṣe mọ̀, Pọ́ọ̀lù ò juwọ́ sílẹ̀ fáwọn ìwà wọ̀nyẹnbíẹni pé ó ti ju ohun tó lè ṣèkáwọ́ lọ. Asyou are aware, though, Paul did not resign himself to this, as ifhis actions were completely beyond his control. jw2019",English text contains Yoruba characters,,
scraped_data\all_yoruba_words_examples.csv,1408,324.0,135,"Ṣùgbọ́n gẹ́gẹ́ bẹ́ẹ̀ ṣe mọ̀, Pọ́ọ̀lù ò juwọ́ sílẹ̀ fá wọn ìwà wọ̀nyẹnbíẹni pé ó ti ju ohun tó lè ṣèká wọ́ lọ","Bíọjọ́ àpéjọ àgbègbè wa ṣe ń sún mọ́lé, kí ló yẹ kó jẹ́ àfojúsùn wa, kí sì nìdí? Asthe convention approaches, what should be our aim, and why? jw2019",English text contains Yoruba characters,,
scraped_data\all_yoruba_words_examples.csv,1412,324.0,135,"Bíwọ́n bá ń pinnu ohun tí wọ́n má a ṣe, wọn kò gbọ́dọ̀ gbà gbé lá ti ronú lórí ohun tí Jèhófà má a fẹ́ kí wọ́n ṣe","“Bía ti sanra jọ̀bọ̀tọ̀, a ń rìn hẹ́bẹ́hẹ́bẹ́ kiri àgbègbè àárín gbùngbùn àti gúúsù ìlà oòrùn Áfíríkà.“Withour distinctive, ponderous waddle, we wander the central and southeastern regions of Africa. jw2019",English text contains Yoruba characters,,
scraped_data\all_yoruba_words_examples.csv,1414,324.0,135,"“Bía ti sanra jọ̀bọ̀tọ̀, a ń rìn hẹ́bẹ́hẹ́bẹ́ ki ri à gbègbè à á rín gbùngbùn à ti gúúsù ìlà oòrùn Á fíríkà",14 Kíkọ́bía ṣe ń ṣiṣẹ́: Iṣẹ́ jẹ́ apá pàtàkì ìgbésí ayé.14 Learninghowto work: Work is a fundamental aspect of life. jw2019,English text contains Yoruba characters,,
scraped_data\all_yoruba_words_examples.csv,1417,324.0,135,"Bíà pẹẹrẹ, lẹ́yìn tí ìyà wó ará kùnrin kan kú tó sì tún lá wọn ìṣòro míì tó ń pinni lẹ́mìí, ó sọ pé: “Mo wá mọ̀ pé a ò lè yan à wọn à dá nwò tó má a dé bá wa, bẹ́ẹ̀ ná à la ò lè yan à kókò tá a fẹ́ ká wọn à dá nwò ná à dé tà bí bá a ṣe fẹ́ kí wọ́n jìnnà síra tó","24 Lẹ́yìn náà, àwọn kan lára àwọn tó wà pẹ̀lú wa lọ sí ibojì* náà,+ wọ́n sì bá ibẹ̀bíàwọn obìnrin náà ṣe sọ gẹ́lẹ́, àmọ́ wọn ò rí i.”24 Then some of those who were with us went off to the tomb,*+ and they found it justasthe women had said, but they did not see him.”jw2019",English text contains Yoruba characters,,
scraped_data\all_yoruba_words_examples.csv,1419,328.0,135,"24 Lẹ́yìn ná à , à wọn kan lá ra à wọn tó wà pẹ̀lú wa lọ sí ibojì* ná à ,+ wọ́n sì bá ibẹ̀bíà wọn obìnrin ná à ṣe sọ gẹ́lẹ́, à mọ́ wọn ò rí i",Ohun tó bọ́gbọ́n mu ni pé kó o ṣe àṣàrò lóríbíàṣìṣe kan ṣe lè yọrí sí àṣìṣe mìíràn kó tó wá yọrí sí dídá ẹ̀ṣẹ̀ tó burú jáì. It would be wise to meditate onhowone false step could lead to another and then to serious wrongdoing. jw2019,English text contains Yoruba characters,,
scraped_data\all_yoruba_words_examples.csv,1422,324.0,135,"Ṣùgbọ́n, gẹ́gẹ́bíonímọ sá yẹ́ǹsì nípa ìhùwà ẹ̀dá lá à á rín à wùjọ, Robert Plomin, ṣe sọ, à wọn olùwá dìí “wulẹ̀ ti ṣà wá rí agbègbè kan, kì í ṣe apilẹ̀ à bùdá , fún à ìlá gbá ra ìṣe ìwé kí kà","19 Nígbà tí àkókò náà tó, Kirusi ará Persia ṣẹ́gun Babiloni gan-an gẹ́gẹ́bía ti sọ tẹ́lẹ̀.19 When the time came, Cyrus the Persian conquered Babylon justasprophesied. jw2019",English text contains Yoruba characters,,
scraped_data\all_yoruba_words_examples.csv,1424,,135,"19 Nígbà tí à kókò ná à tó, Kirusi ará Persia ṣẹ́gun Babiloni gan-an gẹ́gẹ́bía ti sọ tẹ́lẹ̀",Ẹ kò ha níye lórí jù wọ́n lọbí?”Are you not worth more than theyare?”jw2019,English text contains Yoruba characters,,
scraped_data\all_yoruba_words_examples.csv,1427,328.0,135,"(Diutarónómì 23:12-14) Bó tiẹ̀ jẹ́ pé kò rọrùn fún wọn lá ti tẹ̀ lé à wọn òfin yìí to rí pé ibùdó ná à tó bi, à mọ́ ó dá jú pé èyí rà n wọ́n lọ́wọ́ lá ti dènà à wọn à rùnbíibà tá ífọ́ọ̀dù à ti kọ́lẹ́rà","Kọ́kọ́ yọ igi ìrólé kúrò nínú ojú tìrẹ ná, nígbà náà ni ìwọ yóò sì ríran kedere ní tibío ṣe lè yọ èérún pòròpórò kúrò nínú ojú arákùnrin rẹ.”—Mátíù 7:1-5. First extract the rafter from your own eye, and then you will see clearlyhowto extract the straw from your brother’s eye.” —Matthew 7:1-5. jw2019",English text contains Yoruba characters,,
scraped_data\all_yoruba_words_examples.csv,1429,328.0,135,"Kọ́kọ́ yọ igi ìrólé kúrò nínú ojú tìrẹ ná , nígbà ná à ni ìwọ yóò sì ríran kedere ní tibío ṣe lè yọ èérún pòròpórò kúrò nínú ojú ará kùnrin rẹ","Nígbà tó sì jẹ́ pé kò tíì ṣègbéyàwó, ló bá béèrè pé: “Báwo ni èyí yóò ṣe rí bẹ́ẹ̀, níwọ̀nbíèmi kò ti ń ní ìbádàpọ̀ kankan pẹ̀lú ọkùnrin?”Not being married, she said: “Howis this to be, since I am having no intercourse with a man?”jw2019",English text contains Yoruba characters,,
scraped_data\all_yoruba_words_examples.csv,1431,324.0,135,"Nígbà tó sì jẹ́ pé kò tíì ṣègbéyà wó, ló bá béèrè pé: “Bá wo ni èyí yóò ṣe rí bẹ́ẹ̀, níwọ̀nbíèmi kò ti ń ní ìbá dà pọ̀ kankan pẹ̀lú ọkùnrin",Kí lo rí kọ́ látinúbíJèhófà ṣe bá Ṣébínà wí? What has Shebna’s experience taught you about God’s discipline? jw2019,English text contains Yoruba characters,,
scraped_data\all_yoruba_words_examples.csv,1435,,135,"Kódà ní orílẹ̀-èdè tó kérébíNetherlands, tí à wọn èèyà n ibẹ̀ jẹ́ nǹkan bíi mílíọ̀nù mẹ́ẹ̀ẹ́dógún, tó bá fi má a di January 1, 2002, á pé ọdún mẹ́ta gbá ko tí à wọn ilé iṣẹ́ tó ń ṣe owó níbẹ̀ ti wà lẹ́nu ṣíṣe nǹkan bíi bílíọ̀nù mẹ́ta owó wẹ́wẹ́ à ti ogún ó dín ní irínwó mílíọ̀nù owó bébà","Síwájú sí i, o ò ṣẹ̀ṣẹ̀ ní láti lọ gba ìdánilẹ́kọ̀ọ́ àrà ọ̀tọ̀ kan lóríbíwọ́n ṣe ń rìn—ṣáà ti wá bàtà tó bá ọ lẹ́sẹ̀ mu. Moreover, it doesn’t require special training or athletic skill —only a good pair of shoes. jw2019",English text contains Yoruba characters,,
scraped_data\all_yoruba_words_examples.csv,1438,324.0,135,"(Jóòbù 38:4, 7; Kólósè 1:16) Níwọ̀nbíà wọn ẹ̀dá ẹ̀mí alá gbá ra wọ̀nyí ti ní òmìnira, là á kà yè à ti ìmọ̀lá ra, wọ́n lá ǹfà à ní lá ti ní à jọṣe onífẹ̀ẹ́ pẹ̀lú ara wọn lẹ́nì kìíní kejì, à ti lékè gbogbo rẹ̀, pẹ̀lú Jèhófà Ọlọ́run","Gẹ́gẹ́bíonímọ̀ nípa Bíbélì kan ṣe sọ ọ́, ‘ipa kan wà láti ọ̀dọ̀ Ọlọ́run, tí ń mú kí èrò inú gbà gbọ́.’There is, asone Bible scholar put it, ‘an influence from God to incline the mind to believe.’jw2019",English text contains Yoruba characters,,
scraped_data\all_yoruba_words_examples.csv,1440,324.0,135,"Gẹ́gẹ́bíonímọ̀ nípa Bíbélì kan ṣe sọ ọ́, ‘ipa kan wà lá ti ọ̀dọ̀ Ọlọ́run, tí ń mú kí èrò inú gbà gbọ́","Ìjíròrò pẹ̀lú àwùjọ tá a gbé ka ìwéBíA Ṣe Lè Bẹ̀rẹ̀ Awọn Ìjíròrò Bibeli Kí A Sì Máa Báa Nìṣó, ojú ìwé 2, ìpínrọ̀ 1 àti 2. Audience discussion based onthe Reasoning book, page 9, paragraphs 1-2. jw2019",English text contains Yoruba characters,,
scraped_data\all_yoruba_words_examples.csv,1448,,137,Ọbẹ ṣìlòó ń bá ni ṣeré a ní kò mú;bí eré bí eréó ń pani lọ́wọ́.,The ṣìlò knife is playing with one and one says it is not sharp; just as in playit slashes one's hand.,English text contains Yoruba characters,,
scraped_data\all_yoruba_words_examples.csv,1451,336.0,138,bí òbìrìkìtìki bitikiribiti,circular,Unusual length ratio (3.2),,
scraped_data\all_yoruba_words_examples.csv,1500,,148,"(Má tíù 28:19, 20) À wọn ọ̀rọ̀ wọ̀nyẹn bá a mu gan-an ni, níwọ̀nbóti jẹ́ pé orílẹ̀-èdè ogun ni a rá n à wọn akẹ́kọ̀ọ́yege wọ̀nyí lọ lá ti lọ má a sìn","Gẹ́gẹ́bóṣe rí nígbà ayé Jeremáyà, Jèhófà, Ọlọ́run ayérayé nìkan ní Orísun omi ààyè. As wasthe casein Jeremiah’s day, the eternal God, Jehovah, continues to be the only Source of life-giving waters. jw2019",English text contains Yoruba characters,,
scraped_data\all_yoruba_words_examples.csv,1504,,148,"Bóṣe wà nínú Ẹ́kí sódù 23: 9, bá wo ni Ọlọ́run ṣe fẹ́ ká wọn ọmọ Ísírẹ́lì má a ṣe sá wọn à jèjì, kí sì nìdí",Ó dájú pébóo ṣe fi hàn pé ọ̀ràn wọn jẹ ẹ́ lógún máa wú wọn lórí. No doubt they’ll be pleased thatyoucare enough to ask about their life. jw2019,English text contains Yoruba characters,,
scraped_data\all_yoruba_words_examples.csv,1507,,148,"(Diutarónómì 23:12-14)Bótiẹ̀ jẹ́ pé kò rọrùn fún wọn lá ti tẹ̀ lé à wọn òfin yìí to rí pé ibùdó ná à tó bi, à mọ́ ó dá jú pé èyí rà n wọ́n lọ́wọ́ lá ti dènà à wọn à rùn bí ibà tá ífọ́ọ̀dù à ti kọ́lẹ́rà","A jọ sọ̀rọ̀ lórí bí Jésù ṣe jẹ́ Júù àti lórí kókó náà pé, bótilẹ̀ jẹ́ pé Júù ni mí, mo ti di ọ̀kan lára àwọn Ẹlẹ́rìí Jèhófà. We talked about Jesus’ being a Jew and about the fact that eventhough I was Jewish, I had become one of Jehovah’s Witnesses. jw2019",English text contains Yoruba characters,,
scraped_data\all_yoruba_words_examples.csv,1509,,148,"A jọ sọ̀rọ̀ lórí bí Jésù ṣe jẹ́ Júù à ti lórí kókó ná à pé,bóti lẹ̀ jẹ́ pé Júù ni mí, mo ti di ọ̀kan lá ra à wọn Ẹlẹ́rìí Jèhófà",Ìṣòro kan tó lè máà jẹ́ ká ronúbóti yẹ ni dídá ara ẹni lójú jubóti yẹ lọ. A threat to our ability to think straight is a tendency to beoverconfident. jw2019,English text contains Yoruba characters,,
scraped_data\all_yoruba_words_examples.csv,1512,,148,"Ó sọ ọ́ di dandan fún mi lá ti má a bá bà bá mi lọ gbá boules (irú eré bọ́ọ̀lù kan nílẹ̀ Faransé),bóti lẹ̀ jẹ́ pé mi ò fi bẹ́ẹ̀ nífẹ̀ẹ́ sí eré bọ́ọ̀lù yẹn",8BóO Ṣe Lè Di Ọ̀kan Lára Àwọn Ọmọ Ọlọ́run8 Becoming One of God’s Childrenjw2019,English text contains Yoruba characters,,
scraped_data\all_yoruba_words_examples.csv,1516,,148,"(Gá lá tíà 6:10; Ìṣe 16:14-18)Bóti lẹ̀ rí bẹ́ẹ̀, à wọn Kristẹni tòótọ́ má a ń yà gò fún lílọ́wọ́ nínú ìjọsìn èké, títí kan ohunkóhun tó bá jẹ mọ́ ṣíṣà jẹ́","Bótilẹ̀ jẹ́ pé Mósè àti Áárónì ni wọ́n dojú ìráhùn wọn kọ, Jèhófà wò ó pé òun Ọlọ́run gan-an ni wọ́n ń ráhùn sí. Althoughtheir complaints were directed against Moses and Aaron, in Jehovah’s eyes the real target of their discontent was God himself. jw2019",English text contains Yoruba characters,,
scraped_data\all_yoruba_words_examples.csv,1520,,148,"Ìwà Anna tún wú olùkọ́ ná à lórí, ó sì gbóríyìn fun un níwá jú à wọn ọmọ kí lá à sì tó kù to rí pé ó jẹ́ ọmọlúwà bí à tibóṣe má a ń múra níwọ̀ntúnwọ̀nsì","Fún àpẹẹrẹ, òkìkí Nostradamus, awòràwọ̀ tó jẹ́ ọmọ ilẹ̀ Faransé nì, ṣì ń kàn títí di ìsinsìnyí, bótilẹ̀ jẹ́ pé ọ̀pọ̀ ọ̀rúndún ti kọjá tó ti kú. For example, French astrologer Nostradamus continues to be popular, though he has been dead for centuries. jw2019",English text contains Yoruba characters,,
scraped_data\all_yoruba_words_examples.csv,1522,,148,"Fún à pẹẹrẹ, òkìkí Nostradamus, awòrà wọ̀ tó jẹ́ ọmọ ilẹ̀ Faransé nì, ṣì ń kà n títí di ìsinsìnyí,bóti lẹ̀ jẹ́ pé ọ̀pọ̀ ọ̀rúndún ti kọjá tó ti kú","Kàkà bẹ́ẹ̀, ṣe lòun ń “wà láàyè nìṣó”bótiẹ̀ jẹ́ pé ipò tirẹ̀ yàtọ̀ sí ti ọ̀pọ̀ jù lọ èèyàn ìgbà ayé rẹ̀. He survived Jerusalem’s destruction, thoughhis personal situation was different from most. jw2019",English text contains Yoruba characters,,
scraped_data\all_yoruba_words_examples.csv,1525,,148,"Bóyá o tiẹ̀ ti ń sọ lọ́kà n rẹ pé, ‘Bóṣe dà bíi pé Jèhófà ò ṣe nǹkan kan nípa à dá nwò mi yìí, ǹjẹ́ èyí ò fi hà n pé kò mọ ohun tí mò ń dojú kọ tà bí pé kò tiẹ̀ bìkí tà nípa mi",Pabanbarì ẹ̀ ni pé kò sẹ́ni tó máa sọ pé òun ò mọbóṣe máa ń ṣèèyàn nígbà téèyàn ẹni bá kú. And who of us has not experienced deep pain and emptiness after losing a loved one in death? jw2019,English text contains Yoruba characters,,
scraped_data\all_yoruba_words_examples.csv,1529,,148,"Bí èdè yìí ṣe má a ń dún téèyà n bá ń sọ ọ́,bóṣe jẹ́ pé ń ṣe là wọn fá wẹ̀lì tẹ̀ lé ara wọn (odidi fá wẹ̀lì má rùn-ún lè wà nínú ọ̀rọ̀ kan ṣoṣo), à tibóṣe jẹ́ pé ìwọ̀nba kọ́ń sóná ǹtì díẹ̀ ló ní mú kó fẹ́ sú à wọn míṣọ́nná rì ná à","Bótilẹ̀ jẹ́ pé ohun tó ṣe é yìí le gan-an, tí àwọn dókítà kan sì sọ pé tí wọ́n ò bá fẹ́ kó kú, ó yẹ kí wọ́n fa ẹ̀jẹ̀ sí i lára, àwọn tó ń tọ́jú rẹ̀ sọ pé ohun tó kọ sínú ìwé yẹn làwọn máa tẹ̀ lé. Although hiscondition was serious and some doctors felt that to save his life, blood transfusion was necessary, the medical staff was prepared to honor his wishes. jw2019",English text contains Yoruba characters,,
scraped_data\all_yoruba_words_examples.csv,1531,,148,"Bóti lẹ̀ jẹ́ pé ohun tó ṣe é yìí le gan-an, tí à wọn dókí tà kan sì sọ pé tí wọ́n ò bá fẹ́ kó kú, ó yẹ kí wọ́n fa ẹ̀jẹ̀ sí i lá ra, à wọn tó ń tọ́jú rẹ̀ sọ pé ohun tó kọ sínú ìwé yẹn là wọn má a tẹ̀ lé","Mo bẹ̀ ẹ́ pé kí ó bá mi tún àwọn ẹsẹ̀ mi tí ó ti rún gbé sípòbóti yẹ. I asked her to adjust the position of my legs, astheywere mangled. jw2019",English text contains Yoruba characters,,
scraped_data\all_yoruba_words_examples.csv,1594,401.0,160,akanalakasaà rùn búburú kan,cancer,Unusual length ratio (4.5),,
scraped_data\all_yoruba_words_examples.csv,1783,555.0,217,+ Yóò gbẹ débi pé kò ní nílò ọwọ́ tó lá gbá ra tà bí ọ̀pọ̀ èèyà n kí wọ́n tó lè fà á tu tegbòtegbò,"Níbẹ̀, wọ́nákọ́ láti máa lo Bíbélì àtàwọn ìwé tó dá lórí Bíbélì, wọ́násì máa fi ojú tó tọ́ wò wọ́n. There, theylearn to use and respect the Bible and Bible-based literature. jw2019",English text contains Yoruba characters,,
scraped_data\all_yoruba_words_examples.csv,1787,555.0,217,"Wọ́ná tù wọ́n nínú, wọ́n á sì tún bójú tó à ìní tẹ̀mí wọ́n Food, water, shelter, medical care, and emotionalandspiritual support are provided as soon as possiblejw2019","+ Tí Sọ́ọ̀lù bá sì rí ọkùnrin èyíkéyìí tó lágbára tàbí tó láyà,ágbàásíṣẹ́ ogun.+ When Saul saw any strong or courageous man, hewould recruit him into his service. jw2019",English text contains Yoruba characters,,
scraped_data\all_yoruba_words_examples.csv,1792,555.0,217,"Kódà ní orílẹ̀-èdè tó kéré bí Netherlands, tí à wọn èèyà n ibẹ̀ jẹ́ nǹkan bíi mílíọ̀nù mẹ́ẹ̀ẹ́dógún, tó bá fi má a di January 1, 2002,á pé ọdún mẹ́ta gbá ko tí à wọn ilé iṣẹ́ tó ń ṣe owó níbẹ̀ ti wà lẹ́nu ṣíṣe nǹkan bíi bílíọ̀nù mẹ́ta owó wẹ́wẹ́ à ti ogún ó dín ní irínwó mílíọ̀nù owó bébà","Kó tó di ìgbà ìpàdé ìrọ̀lẹ́ ọjọ́ Tuesday yẹn, alábòójútó àyíká àti olùṣekòkáárí ìgbìmọ̀ àwọn alàgbà tàbí alàgbà mí ìápàdé láti jíròrò ìbéèrè èyíkéyìí tó ní lẹ́yìn tó ti ṣe àyẹ̀wò àwọn àkọsílẹ̀ náà. Sometime before the Tuesday evening meeting, the circuit overseer meets with the coordinator or another local elder to discuss any questionshe has as a result of reviewing the records. jw2019",English text contains Yoruba characters,,
scraped_data\all_yoruba_words_examples.csv,1794,555.0,217,"Kó tó di ìgbà ìpà dé ìrọ̀lẹ́ ọjọ́ Tuesday yẹn, alá bòójútó à yíká à ti olùṣekòká á rí ìgbìmọ̀ à wọn alà gbà tà bí alà gbà mí ìá pà dé lá ti jíròrò ìbéèrè èyí kéyìí tó ní lẹ́yìn tó ti ṣe à yẹ̀wò à wọn à kọsílẹ̀ ná à","Tá a bá ń “gbàdúrà láìdabọ̀,” èyíáfi hàn pé ìgbàgbọ́ wa jinlẹ̀ lóòótọ́.—1 Tẹsalóníkà 5:17. To “pray constantly” in this way shows we have genuine faith. —1 Thessalonians 5:17. jw2019",English text contains Yoruba characters,,
scraped_data\all_yoruba_words_examples.csv,1796,,217,"Tá a bá ń “gbà dúrà lá ìdabọ̀,” èyíá fi hà n pé ìgbà gbọ́ wa jinlẹ̀ lóòótọ́",Kí ló fàátí ìwà ìbàjẹ́ kò fi tíì kásẹ̀ nílẹ̀? Whydoes corruption persist? jw2019,English text contains Yoruba characters,,
scraped_data\all_yoruba_words_examples.csv,1800,,217,A gbà á lá dùúrà pé kí wọ à tà wọn ìdílé ẹ wà lá ra à wọn tó má a gbá dùn à wọn ìbùkún ayérayé tí Ìjọba Ọlọ́run má a mú wá,"7 Tá a bá ní ìtòlẹ́sẹẹsẹ tó jíire fún àwọn nǹkan tẹ̀mí, ìyẹnájẹ́ ká máa rí ọ̀pọ̀ ohun tó ń gbéni ró sọ.7 Having a good spiritual routine provides uswith plenty of topics for upbuilding conversations. jw2019",English text contains Yoruba characters,,
scraped_data\all_yoruba_words_examples.csv,1803,,217,"Ọ̀nà jíjìn ni púpọ̀ lá ra à wọn tó di onígbà gbọ́ ti wá sí Jerúsá lẹ́mù, wọn ò sì ní oúnjẹ tó pọ̀ tó èyí tí wọ́n á fi lè dúró pẹ́ níbẹ̀",Báwo la ṣe lè fi hàn pé a fẹ́ràn Jèhófà?— Ohun àkọ́kọ́ ni pé kíámọ Jèhófà dáadáa pé ó jẹ́ Ọ̀rẹ́ wa. How can we show that we love Jehovah?— One way is by getting to knowhimas a Friend. jw2019,English text contains Yoruba characters,,
scraped_data\all_yoruba_words_examples.csv,1806,555.0,217,"Ọ̀pọ̀ tí ó wà ní ipò Jonatani ì bá ti jowú Dafidi, ní kí kà á sí abá nidíje",Àlá yìí dàáláàmú gan-an débi pé kò lè sùn. It bothered him so much thathe could not sleep. jw2019,English text contains Yoruba characters,,
scraped_data\all_yoruba_words_examples.csv,1810,555.0,217,"(10) Kí ni à wọn oníṣègùn tí iye wọn túbọ̀ ń pọ̀ sí i ti ń múra tá n lá ti ṣe bá yìí fún à wọn Ẹlẹ́rìí Jèhófà , kí ló sì ṣeé ṣe kó wá di ìlà nà ìtọ́jú tí wọ́n á má a lò fún gbogbo alá ìsà n bí à kókò ti ń lọ",Bí ara bá sì ṣe ń gbìyànjú láti mú kèrékèré yìí padà sípò ni àwọn ìṣòro pẹ́ẹ́pẹ̀ẹ̀pẹ́ mìírànámáa yọjú. Pathological changes occur as the body attempts to repair thedamagedcartilage. jw2019,English text contains Yoruba characters,,
scraped_data\all_yoruba_words_examples.csv,1813,555.0,217,"Olórí ohun tó sì fà á ni ipò tó bá Bíbélì mu tá wọn Ẹlẹ́rìí dì mú lórí à wọn ọ̀rà n bí ìfà jẹ̀sínilá ra, à ìdá sí-tọ̀túntòsì, sìgá mímu, à ti ìwà rere","12 Àmọ́ ìdààmú bá Sekaráyà nítorí ohun tó rí, ẹ̀rù sì bàágidigidi.12 But Zech·a·riʹah became troubled at the sight, andhe was overcome with fear. jw2019",English text contains Yoruba characters,,
scraped_data\all_yoruba_words_examples.csv,1816,555.0,217,"Wọ́n tún fi kún un pé: “À jọṣe téèyà n fi ayọ̀ bẹ̀rẹ̀, tí ọkà n èèyà n sì balẹ̀ pé nǹkaná yọrí sí dá adá a,á wá di èyí tó ń fayé súni tó sì ń kó ẹ̀dùn ọkà n bá ni gidigidi","Wọ́námáa yọ̀ gidigidi, inú wọnásì máa dùn, Exultation and rejoicingwill betheirs, jw2019",English text contains Yoruba characters,,
scraped_data\all_yoruba_words_translations.csv,16,,5,,,Very short translation,d,high
scraped_data\all_yoruba_words_translations.csv,43,,14,,,Very short translation,l,high
scraped_data\all_yoruba_words_translations.csv,45,,15,,,Very short translation,l,high
scraped_data\all_yoruba_words_translations.csv,100,,37,,,Very short translation,L,high
scraped_data\all_yoruba_words_translations.csv,105,,39,,,Very short translation,N,high
scraped_data\all_yoruba_words_translations.csv,107,,39,,,Very short translation,L,high
scraped_data\all_yoruba_words_translations.csv,111,,40,,,Very short translation,N,high
scraped_data\all_yoruba_words_translations.csv,113,,40,,,Very short translation,L,high
scraped_data\all_yoruba_words_translations.csv,132,,52,,,Very short translation,w,high
scraped_data\all_yoruba_words_translations.csv,144,,59,,,Contains non-English/non-Yoruba characters,Guinea-Bissau · Guinea-Bissau,medium
scraped_data\all_yoruba_words_translations.csv,163,,73,,,Very short translation,n,high
scraped_data\all_yoruba_words_translations.csv,184,,90,,,Very short translation,m,high
scraped_data\all_yoruba_words_translations.csv,188,,92,,,Very short translation,b,high
scraped_data\all_yoruba_words_translations.csv,196,,95,,,Very short translation,d,high
scraped_data\all_yoruba_words_translations.csv,206,,99,,,Very short translation,d,high
scraped_data\all_yoruba_words_translations.csv,212,,99,,,Contains non-English/non-Yoruba characters,father's father · grandfather · paternal grandfather,medium
scraped_data\all_yoruba_words_translations.csv,213,,99,,,Contains non-English/non-Yoruba characters,grand · grandfather · grandpa,medium
scraped_data\all_yoruba_words_translations.csv,216,,99,,,Contains non-English/non-Yoruba characters,paternal · paternity,medium
scraped_data\all_yoruba_words_translations.csv,253,,109,,,Contains non-English/non-Yoruba characters,sneakers · trainers,medium
scraped_data\all_yoruba_words_translations.csv,390,,155,,,Very short translation,d,high
scraped_data\all_yoruba_words_translations.csv,398,,159,,,Very short translation,d,high
scraped_data\all_yoruba_words_translations.csv,535,,212,,,Contains non-English/non-Yoruba characters,association football · football · soccer,medium
scraped_data\all_yoruba_words_translations.csv,537,,212,,,Contains non-English/non-Yoruba characters,football · soccer,medium
scraped_data\all_yoruba_words_translations.csv,553,,216,,,Very short translation,b,high
scraped_data\csv\a\words_examples.csv,58,6.0,3,+ Yóò gbẹ débi pé kò ní nílò ọwọ́ tó lá gbá ra tà bí ọ̀pọ̀ èèyà n kí wọ́n tó lè fà á tu tegbòtegbò,"Níbẹ̀, wọ́nákọ́ láti máa lo Bíbélì àtàwọn ìwé tó dá lórí Bíbélì, wọ́násì máa fi ojú tó tọ́ wò wọ́n. There, theylearn to use and respect the Bible and Bible-based literature. jw2019",English text contains Yoruba characters,,
scraped_data\csv\a\words_examples.csv,62,6.0,3,"Wọ́ná tù wọ́n nínú, wọ́n á sì tún bójú tó à ìní tẹ̀mí wọ́n Food, water, shelter, medical care, and emotionalandspiritual support are provided as soon as possiblejw2019","+ Tí Sọ́ọ̀lù bá sì rí ọkùnrin èyíkéyìí tó lágbára tàbí tó láyà,ágbàásíṣẹ́ ogun.+ When Saul saw any strong or courageous man, hewould recruit him into his service. jw2019",English text contains Yoruba characters,,
scraped_data\csv\a\words_examples.csv,67,6.0,3,"Kódà ní orílẹ̀-èdè tó kéré bí Netherlands, tí à wọn èèyà n ibẹ̀ jẹ́ nǹkan bíi mílíọ̀nù mẹ́ẹ̀ẹ́dógún, tó bá fi má a di January 1, 2002,á pé ọdún mẹ́ta gbá ko tí à wọn ilé iṣẹ́ tó ń ṣe owó níbẹ̀ ti wà lẹ́nu ṣíṣe nǹkan bíi bílíọ̀nù mẹ́ta owó wẹ́wẹ́ à ti ogún ó dín ní irínwó mílíọ̀nù owó bébà","Kó tó di ìgbà ìpàdé ìrọ̀lẹ́ ọjọ́ Tuesday yẹn, alábòójútó àyíká àti olùṣekòkáárí ìgbìmọ̀ àwọn alàgbà tàbí alàgbà mí ìápàdé láti jíròrò ìbéèrè èyíkéyìí tó ní lẹ́yìn tó ti ṣe àyẹ̀wò àwọn àkọsílẹ̀ náà. Sometime before the Tuesday evening meeting, the circuit overseer meets with the coordinator or another local elder to discuss any questionshe has as a result of reviewing the records. jw2019",English text contains Yoruba characters,,
scraped_data\csv\a\words_examples.csv,69,6.0,3,"Kó tó di ìgbà ìpà dé ìrọ̀lẹ́ ọjọ́ Tuesday yẹn, alá bòójútó à yíká à ti olùṣekòká á rí ìgbìmọ̀ à wọn alà gbà tà bí alà gbà mí ìá pà dé lá ti jíròrò ìbéèrè èyí kéyìí tó ní lẹ́yìn tó ti ṣe à yẹ̀wò à wọn à kọsílẹ̀ ná à","Tá a bá ń “gbàdúrà láìdabọ̀,” èyíáfi hàn pé ìgbàgbọ́ wa jinlẹ̀ lóòótọ́.—1 Tẹsalóníkà 5:17. To “pray constantly” in this way shows we have genuine faith. —1 Thessalonians 5:17. jw2019",English text contains Yoruba characters,,
scraped_data\csv\a\words_examples.csv,71,,3,"Tá a bá ń “gbà dúrà lá ìdabọ̀,” èyíá fi hà n pé ìgbà gbọ́ wa jinlẹ̀ lóòótọ́",Kí ló fàátí ìwà ìbàjẹ́ kò fi tíì kásẹ̀ nílẹ̀? Whydoes corruption persist? jw2019,English text contains Yoruba characters,,
scraped_data\csv\a\words_examples.csv,75,,3,A gbà á lá dùúrà pé kí wọ à tà wọn ìdílé ẹ wà lá ra à wọn tó má a gbá dùn à wọn ìbùkún ayérayé tí Ìjọba Ọlọ́run má a mú wá,"7 Tá a bá ní ìtòlẹ́sẹẹsẹ tó jíire fún àwọn nǹkan tẹ̀mí, ìyẹnájẹ́ ká máa rí ọ̀pọ̀ ohun tó ń gbéni ró sọ.7 Having a good spiritual routine provides uswith plenty of topics for upbuilding conversations. jw2019",English text contains Yoruba characters,,
scraped_data\csv\a\words_examples.csv,78,,3,"Ọ̀nà jíjìn ni púpọ̀ lá ra à wọn tó di onígbà gbọ́ ti wá sí Jerúsá lẹ́mù, wọn ò sì ní oúnjẹ tó pọ̀ tó èyí tí wọ́n á fi lè dúró pẹ́ níbẹ̀",Báwo la ṣe lè fi hàn pé a fẹ́ràn Jèhófà?— Ohun àkọ́kọ́ ni pé kíámọ Jèhófà dáadáa pé ó jẹ́ Ọ̀rẹ́ wa. How can we show that we love Jehovah?— One way is by getting to knowhimas a Friend. jw2019,English text contains Yoruba characters,,
scraped_data\csv\a\words_examples.csv,81,6.0,3,"Ọ̀pọ̀ tí ó wà ní ipò Jonatani ì bá ti jowú Dafidi, ní kí kà á sí abá nidíje",Àlá yìí dàáláàmú gan-an débi pé kò lè sùn. It bothered him so much thathe could not sleep. jw2019,English text contains Yoruba characters,,
scraped_data\csv\a\words_examples.csv,85,6.0,3,"(10) Kí ni à wọn oníṣègùn tí iye wọn túbọ̀ ń pọ̀ sí i ti ń múra tá n lá ti ṣe bá yìí fún à wọn Ẹlẹ́rìí Jèhófà , kí ló sì ṣeé ṣe kó wá di ìlà nà ìtọ́jú tí wọ́n á má a lò fún gbogbo alá ìsà n bí à kókò ti ń lọ",Bí ara bá sì ṣe ń gbìyànjú láti mú kèrékèré yìí padà sípò ni àwọn ìṣòro pẹ́ẹ́pẹ̀ẹ̀pẹ́ mìírànámáa yọjú. Pathological changes occur as the body attempts to repair thedamagedcartilage. jw2019,English text contains Yoruba characters,,
scraped_data\csv\a\words_examples.csv,88,6.0,3,"Olórí ohun tó sì fà á ni ipò tó bá Bíbélì mu tá wọn Ẹlẹ́rìí dì mú lórí à wọn ọ̀rà n bí ìfà jẹ̀sínilá ra, à ìdá sí-tọ̀túntòsì, sìgá mímu, à ti ìwà rere","12 Àmọ́ ìdààmú bá Sekaráyà nítorí ohun tó rí, ẹ̀rù sì bàágidigidi.12 But Zech·a·riʹah became troubled at the sight, andhe was overcome with fear. jw2019",English text contains Yoruba characters,,
scraped_data\csv\a\words_examples.csv,91,6.0,3,"Wọ́n tún fi kún un pé: “À jọṣe téèyà n fi ayọ̀ bẹ̀rẹ̀, tí ọkà n èèyà n sì balẹ̀ pé nǹkaná yọrí sí dá adá a,á wá di èyí tó ń fayé súni tó sì ń kó ẹ̀dùn ọkà n bá ni gidigidi","Wọ́námáa yọ̀ gidigidi, inú wọnásì máa dùn, Exultation and rejoicingwill betheirs, jw2019",English text contains Yoruba characters,,
scraped_data\csv\b\b_examples.csv,33,1.0,1,(b) Kí ni ẹ̀jẹ́ tí Jèhófà ṣì má a san fún à wọn èèyà n rẹ̀,(b) Àwọn ìbéèrè pàtàkì wo ni a lè béèrè?(b) What pertinent questions may beasked? jw2019,English text contains Yoruba characters,,
scraped_data\csv\b\b_examples.csv,34,1.0,1,(b) What commitment does Jehovah still have with regard to his people,(b) Àwọn ìbéèrè pàtàkì wo ni a lè béèrè?(b) What pertinent questions may beasked? jw2019,English text contains Yoruba characters,,
scraped_data\csv\b\b_examples.csv,37,,1,(b) Ìmọ̀rà n tí ó bá à kókò mu wo ni aposteli Paulu fún à wọn Kristian ní Jerusalemu,(b) Kí ló ń múnú Jèhófà dùn láìka ohun tó ń ṣẹlẹ̀ láyé?(b) What contrast does Jehovah see when he observes today’s world? jw2019,English text contains Yoruba characters,,
scraped_data\csv\b\b_examples.csv,38,,1,(b) What timely advice did the apostle Paul give to the Christians in Jerusalem,(b) Kí ló ń múnú Jèhófà dùn láìka ohun tó ń ṣẹlẹ̀ láyé?(b) What contrast does Jehovah see when he observes today’s world? jw2019,English text contains Yoruba characters,,
scraped_data\csv\b\b_examples.csv,41,,1,(b) Kí ló túmọ̀ sí lati má ṣe fi ìmọ́lẹ̀ wa pamọ́ sá bẹ́ “apẹ̀rẹ̀ ìdíwọ̀n”,(b) Ọ̀nà wo ni Sọ́ọ̀lù gbà ṣe inúnibíni sí Dáfídì?(b) What methods did Saul use to persecute David? jw2019,English text contains Yoruba characters,,
scraped_data\csv\b\b_examples.csv,42,,1,(b) How is it that we do not hide spiritual light under a “measuring basket”,(b) Ọ̀nà wo ni Sọ́ọ̀lù gbà ṣe inúnibíni sí Dáfídì?(b) What methods did Saul use to persecute David? jw2019,English text contains Yoruba characters,,
scraped_data\csv\b\b_examples.csv,47,,1,(b) Bá wo ló ṣe jọ pé wọ́n má a yí à fiyèsí sí “ẹgbẹ́ ọmọ ogun ibi gíga” lẹ́yìn “ọjọ́ púpọ̀ yanturu”,(b) Báwo ni Bíbélì ṣe ṣàpèjúwe ìkójọpọ̀ yìí?(b) How does the Bible describe this ingathering? jw2019,English text contains Yoruba characters,,
scraped_data\csv\b\b_examples.csv,48,,1,"(b) Likely, how will “the army of the height” be given attention “after an abundance of days”",(b) Báwo ni Bíbélì ṣe ṣàpèjúwe ìkójọpọ̀ yìí?(b) How does the Bible describe this ingathering? jw2019,English text contains Yoruba characters,,
scraped_data\csv\b\b_examples.csv,51,,1,(b) Ẹ̀kọ́ à ríkọ́gbọ́n wo tí ó wémọ́ ìgboyà ni a kọ́ lá ra Joṣua à ti Kalebu,(b) Ipo wo ni awọn opitan ti kii ṣe Kristẹni fifun Jesu?(b) What place in history does a non-Christian historian give to Jesus? jw2019,English text contains Yoruba characters,,
scraped_data\csv\b\b_examples.csv,52,,1,(b) What lesson involving courage do we learn from Joshua and Caleb,(b) Ipo wo ni awọn opitan ti kii ṣe Kristẹni fifun Jesu?(b) What place in history does a non-Christian historian give to Jesus? jw2019,English text contains Yoruba characters,,
scraped_data\csv\b\b_examples.csv,55,,1,(b) Kí ni ó yẹ kí ó jẹ́ ète ìsúnniṣe wa ní yíyan à fikún ìmọ̀ ẹ̀kọ́ nígbà tí ó bá dà bíi pé ó pọn dandan,(b) Báwo ni Jésù ṣe kọ́ àwọn àpọ́sítélì rẹ̀ lẹ́kọ̀ọ́ lórí ìwà ìrẹ̀lẹ̀?(b) How did Jesus teach his apostles a lesson in humility? jw2019,English text contains Yoruba characters,,
scraped_data\csv\b\b_examples.csv,56,,1,(b) What should be our motive in choosing further education when that may appear necessary,(b) Báwo ni Jésù ṣe kọ́ àwọn àpọ́sítélì rẹ̀ lẹ́kọ̀ọ́ lórí ìwà ìrẹ̀lẹ̀?(b) How did Jesus teach his apostles a lesson in humility? jw2019,English text contains Yoruba characters,,
scraped_data\csv\b\b_examples.csv,58,,1,(b) Bá wo ni Jésù ṣe kọ́ à wọn à pọ́sítélì rẹ̀ lẹ́kọ̀ọ́ lórí ìwà ìrẹ̀lẹ̀,"(b) Tá a bá sọ pé Kristẹni kan dàgbà dénú, kí ló túmọ̀ sí?(b) What does it mean for a Christian to be mature? jw2019",English text contains Yoruba characters,,
scraped_data\csv\b\b_examples.csv,64,,1,(b) Kí là wọn ẹ̀ka iléeṣẹ́ kan sọ nípa à wọn tó ti ilẹ̀ òkèèrè wá sìn ní ìpínlẹ̀ tá wọn ẹ̀ka ná à ń bójú tó,(b) Awọn idi wo fun ayọ ni awọn ọmọ-ẹhin Jesu ni?(b) What reasons for happiness did Jesus’ disciples have? jw2019,English text contains Yoruba characters,,
scraped_data\csv\b\b_examples.csv,65,,1,(b) What did some branch offices say about those from abroad who serve in the branch territo ry,(b) Awọn idi wo fun ayọ ni awọn ọmọ-ẹhin Jesu ni?(b) What reasons for happiness did Jesus’ disciples have? jw2019,English text contains Yoruba characters,,
scraped_data\csv\b\b_examples.csv,67,,1,(b) Awọn idi wo fun ayọ ni awọn ọmọ-ẹhin Jesu ni,(b) Èéṣe tí Jehofa fi yọ̀ǹda kí Jesu kú?(b) Why did Jehovah allow Jesus to die? jw2019,English text contains Yoruba characters,,
scraped_data\csv\b\b_examples.csv,68,,1,(b) What reasons for happiness did Jesus’ disciples have,(b) Èéṣe tí Jehofa fi yọ̀ǹda kí Jesu kú?(b) Why did Jehovah allow Jesus to die? jw2019,English text contains Yoruba characters,,
scraped_data\csv\b\b_examples.csv,210,,19,"A ṣẹ̀ṣẹ̀ ń parí à wọn ọ̀nà abẹ́lẹ̀ ní lọ́ọ́lọ́ọ́ tà bí pé a ń kọ́ wọn lọ́wọ́ ní à wọn ìlú ń lá kan bíiBangkok, Medellín, Seoul, Shanghai, Taipei, à ti Warsaw.","Subways have recently been completed or are under construction in such cities as Bangkok, Medellín, Seoul, Shanghai, Taipei, and Warsaw.",English text contains Yoruba characters,,
scraped_data\csv\b\b_examples.csv,274,,32,"Òtú ẹgbẹ́ Frères Maristes ní ilé ẹ̀kọ́ kan tí ó tó bi, à wọn gbọ̀ngà n ilé gbígbé, à ti à wọn ilé oko ní à gbègbè olókè kan tí ó wà ní nǹkan bíi kìlómítà 25 síBeijing.","In a mountainous region about 15 miles [25 km] from Beijing, the Frères Maristes religious order had a large school, dormitories, and farm buildings.",English text contains Yoruba characters,,
scraped_data\csv\b\b_examples.csv,438,124.0,48,"Bi aba ri aga ifi okan bale eyi ti awon alagbara aye ti fi agbara pelu etan gba lo lowo re, owo agbara Igbani eyi to sawari ake to bo sinu odo jade!",Auto Correct,Unusual length ratio (12.2),,
scraped_data\csv\b\b_examples.csv,515,,58,À wòrá n Ẹ̀yìn Ìwé: Akéde Ìjọba Ọlọ́run tó ń wà á sù fún darandaran kan ní à gbègbè Bafatá ní orílẹ̀-èdè Guinea-Bissau,COVER: A Kingdom publisher witnessing to a shepherd in the Bafatá region of Guinea-Bissau,English text contains Yoruba characters,,
scraped_data\csv\b\b_examples.csv,516,142.0,58,Guinea-Bissau,Guinea-Bissau · Republic of Guinea-Bissau,Unusual length ratio (0.3),,
scraped_data\csv\b\b_examples.csv,614,164.0,75,"À wọn ọ̀rọ̀ òkè yìí wá lá ti inú ìwé ná à , Jeová dentro do Judaísmo e do Cristianismo (Jèhófà nínú ẹ̀sìn à wọn Júù à ti ti Kristẹni), lá ti ọwọ́ òǹkọ̀wé ará Brazil ná à , AssisBrasil.","The above words are from the book Jeová dentro do Judaísmo e do Cristianismo (Jehovah in Judaism and Christianity), by Brazilian writer Assis Brasil.",English text contains Yoruba characters,,
scraped_data\csv\b\b_examples.csv,669,,85,"Nígbà à péjọpọ̀ à gbá yé ní Budapest, ìwé agbéròyìnjá de ilẹ̀ Hungary ná à , Színes Vasá rnap, sọ nípa À wọn Ẹlẹ́rìí Jèhófà pé: “Bucharestni ibi tí wọ́n ti wéwèé tẹ́lẹ̀ lá ti ṣe ìpà dé ọlọ́dọọdún wọn, à mọ́ níto rí à takò lá ti ọ̀dọ̀ à wọn Kristẹni Ọ́tọ́dọ́ọ̀sì, à wọn òṣìṣẹ́ ilẹ̀ Romania kò fún À wọn Ẹlẹ́rìí Jèhófà lá yè lá ti ṣe bẹ́ẹ̀.”","During the international convention in Budapest, the Hungarian newspaper Színes Vasárnap observed regarding Jehovah's Witnesses: “Bucharestwas where they originally planned to hold their annual international meeting, but because of opposition from Orthodox Christians, the Romanian officials did not give Jehovah's Witnesses permission to do so.”",English text contains Yoruba characters,,
scraped_data\csv\b\b_examples.csv,682,,86,"Ẹ wo bí inú mi ti dùn tó lá ti rí i tí à búrò mi ọkùnrin tí ó kéré jù lọ, Lá szló, à ti ìyà wó rẹ̀ ṣèrìbọmi níBudapest!","How delighted I was to see my youngest brother, László, and his wife baptized in Budapest!",English text contains Yoruba characters,,
scraped_data\csv\b\b_examples.csv,686,,86,"A mu wọn lọ si ọgbà ẹ̀wọ̀n abẹlẹ ti o lorukọ buburu naa ní 60, Opopona Andrá ssy níBudapest, lati lè “mú wọn rọ̀.”","They were taken to the infamous underground prison at 60 Andrássy Street in Budapest, to be “softened.”",English text contains Yoruba characters,,
scraped_data\csv\b\b_examples.csv,687,,86,"Ibòmírà n tí wọ́n tún kó wa lọ ni ọgbà ẹ̀wọ̀n ògbólógbó kan ní Komá rom, ìlú kan ní bèbè Odò Danube, tó jẹ́ nǹkan bí ọgọ́rin kìlómítà lá pá ìwọ̀ oòrùnBudapest.","Our next destination was an old prison in Komárom, a city on the Danube River, about 50 miles [80 km] west of Budapest.",English text contains Yoruba characters,,
scraped_data\csv\b\b_examples.csv,688,,86,"Ní May 1943, wọ́n gbé mi lọ sí ọgbà ẹ̀wọ̀n mìírà n nílùúBudapest, lẹ́yìn ná à wọ́n tún gbé mi lọ si abúlé kan tó ń jẹ́ Má rianosztra, níbi tá a ti ń gbé nílé à wọn ajẹ́jẹ̀ẹ́ ìnìkà ngbé pẹ̀lú nǹkan bí à á dọ́rin à wọn obìnrin ajẹ́jẹ̀ẹ́ ìnìkà ngbé.","In May 1943, I was transferred to another prison in Budapestand later to the village of Márianosztra, where we lived in a monastery with some 70 nuns.",English text contains Yoruba characters,,
scraped_data\csv\b\b_examples.csv,691,,86,"Laika ojú-ọjọ́ ti kò dara si, a ṣe é ní Népstadion níBudapest, nibi ti 40,601 eniyan ti pade lati gbadun ọyà yà ìfẹ́ ará .","In spite of the bad weather, it was held at Népstadion in Budapest, where 40,601 met to enjoy the warmth of brotherly love.",English text contains Yoruba characters,,
scraped_data\csv\b\b_examples.csv,698,,86,"Lẹ́yìn ná à , ní July 1991, a nírìírí ìbùkún kan tí ó kọjá ohun tí a fọkà n fẹ́ jù lọ—à péjọpọ̀ kan ní pá pá ìṣeré ń lá Népstadion níBudapest, tí à wọn tí ó lé ní 40,000 à yà nṣaṣojú wá .","Then, in July of 1991, we experienced a blessing beyond our fondest dreams—a convention at Budapest'shuge Népstadion, attended by more than 40,000 delegates.",English text contains Yoruba characters,,
scraped_data\csv\b\b_examples.csv,699,,86,"Nígbà à péjọpọ̀ à gbá yé níBudapest, ìwé agbéròyìnjá de ilẹ̀ Hungary ná à , Színes Vasá rnap, sọ nípa À wọn Ẹlẹ́rìí Jèhófà pé: “Bucharest ni ibi tí wọ́n ti wéwèé tẹ́lẹ̀ lá ti ṣe ìpà dé ọlọ́dọọdún wọn, à mọ́ níto rí à takò lá ti ọ̀dọ̀ à wọn Kristẹni Ọ́tọ́dọ́ọ̀sì, à wọn òṣìṣẹ́ ilẹ̀ Romania kò fún À wọn Ẹlẹ́rìí Jèhófà lá yè lá ti ṣe bẹ́ẹ̀.”","During the international convention in Budapest, the Hungarian newspaper Színes Vasárnap observed regarding Jehovah's Witnesses: “Bucharest was where they originally planned to hold their annual international meeting, but because of opposition from Orthodox Christians, the Romanian officials did not give Jehovah's Witnesses permission to do so.”",English text contains Yoruba characters,,
scraped_data\csv\b\b_examples.csv,700,,86,"À wọn akéde yìí ń wà á sù fún ẹnì kan tó nífẹ̀ẹ́ sí ọ̀rọ̀ wọn ní gbà gede Vigadó Square nílùúBudapest, orílẹ̀-èdè Hungary","These happy publishers are sharing the Kingdom message with an appreciative listener at Vigadó Square in Budapest, Hungary",English text contains Yoruba characters,,
scraped_data\csv\b\b_examples.csv,792,190.0,93,15 Ó dá jú pé ẹrù iṣẹ́ ná à lá ti ran à wọn ẹlòmírà n lọ́wọ́ kò mọ sí kìkì ìgbà tí à lá á fíà à ti ìṣọ̀kan ìjọ bá fẹ́bà jẹ́,"12 Àmọ́ ìdààmú bá Sekaráyà nítorí ohun tó rí, ẹ̀rù sìbàá gidigidi.12 But Zech·a·riʹah became troubled at the sight, and he was overcome withfear. jw2019",English text contains Yoruba characters,,
scraped_data\csv\b\b_examples.csv,796,,93,"Níwọ̀n bí ó ti béèrè pé kí à wọn kòkòrò tíntìntín wà kí nǹkan tó bà , Pasteur ronú pé ohun kan ná à ní lá ti ṣẹlẹ̀ nípa à wọn à rùn à kórà n",O lè borí ẹ̀rù tó máa ńbàẹ́ láti ṣàlàyé àwọn nǹkan tó o gbà gbọ́You can conquer yourfearof defending your beliefsjw2019,English text contains Yoruba characters,,
scraped_data\csv\b\b_examples.csv,799,,93,"Ìtara tí Dá fídì ní jẹ́ owú tó dá ra tí kò fà yè gba ìdíje tà bí ìkẹ́gà n, tó sì má a ń súnni lá ti ṣe ohun tí kò ní ba orúkọ rere jẹ́ tà bí lá ti ṣà túnṣe ohun tó tibà jẹ́","Bí o ṣe ń tẹ̀ lé e, ó ń sá síwájú títí ọwọ́ rẹ kò fibàá. As you follow the bird, it keeps just aheadofyou. jw2019",English text contains Yoruba characters,,
scraped_data\csv\b\b_examples.csv,803,190.0,93,Ẹ̀rù lè má abà wọ́n lá ti tọrọ à yè níbi iṣẹ́ lá ti lọ gbá dùn ìtòlẹ́sẹẹsẹ à péjọ à gbègbè lá tìbẹ̀rẹ̀ dópin kí wọ́n sì lè jọ́sìn Jèhófà pẹ̀lú à wọn ará kùnrin wọn,"Ọ̀rọ̀ tó sọ yẹn fi hàn pé nǹkan tibàjẹ́ jìnnà, síbẹ̀, Bíbélì jẹ́ ká mọ̀ pé ìwà ìbàjẹ́ máa tó dópin. While the situation might seemtobe hopeless, the Bible shows that even greater changes are not only possible but also certaintohappen. jw2019",English text contains Yoruba characters,,
scraped_data\csv\b\b_examples.csv,807,190.0,93,"Nígbà tí ará bìnrin kan tó ń gbé lá gbègbè yẹn rí ipa ribiribi tá wọn ará sà lá ti ṣà túnṣe à wọn ibi tó bà jẹ́, ó sọ pé “orí òun wú, inú òun sì dùn",Wọ́n dá wọn lóró títí wọ́n fi kú lójú gbogbo àwa ẹlẹ́wọ̀n kí ẹ̀rù lèbàwá láti má ronú àtisálọ rárá. They were cruelly torturedtodeath in front of all the prisonerstoscare them into not even thinking of escaping. jw2019,English text contains Yoruba characters,,
scraped_data\csv\b\b_examples.csv,809,190.0,93,Wọ́n dá wọn lóró títí wọ́n fi kú lójú gbogbo à wa ẹlẹ́wọ̀n kí ẹ̀rù lèbà wá lá ti má ronú à tisá lọ rá rá,"Nítorí ìdí yẹn àtàwọn nǹkan mìíràn tó ṣẹlẹ̀, ọ̀pọ̀ sọ̀rètí nù, èyí sìbàwọ́n lọ́kàn jẹ́. As a result of this and other developments, many were disappointed and a fewbecame embittered. jw2019",English text contains Yoruba characters,,
scraped_data\csv\b\b_examples.csv,811,190.0,93,"Níto rí ìdí yẹn à tà wọn nǹkan mìírà n tó ṣẹlẹ̀, ọ̀pọ̀ sọ̀rètí nù, èyí sìbà wọ́n lọ́kà n jẹ́","Bí mo ti ń wakọ̀ lọ sí ilé ìtajà náà—ó ṣe tán, ìyá mi ṣì nílò búrẹ́dì náà—ẹ̀rù ńbàmí. As I drovetothe store—after all, my mother still needed the bread—I was in shock. jw2019",English text contains Yoruba characters,,
scraped_data\csv\b\b_examples.csv,814,190.0,93,"▪ Loju iwoye ohun ti Johanu mọ̀ nipa Jesu, eeṣe ti oun ti lè má ni iyalẹnu nigba ti ẹmi Ọlọrunbà lé Jesu","Inú mibàjẹ́ gan-an ju ti ìgbàkigbà rí lọ, nítorí pé ńṣe ló wá jọ pé kò sí ẹni tí mo lè yíjú sí fún ìrànlọ́wọ́ mọ́. I became more despondent than ever, as I seemingly had nowhere elsetoturn for help. jw2019",English text contains Yoruba characters,,
scraped_data\csv\b\b_examples.csv,848,198.0,95,bà bà owó kobóà kà ngbà,copper,Unusual length ratio (3.8),,
scraped_data\csv\b\b_examples.csv,849,198.0,95,bà bà owó kọbọ́à kà ngbà,copper,Unusual length ratio (4.0),,
scraped_data\csv\b\b_examples.csv,851,208.0,98,bà bá bà bá,father's father · grandfather · paternal grandfather,Unusual length ratio (0.2),,
scraped_data\csv\b\b_examples.csv,996,,107,Ọ̀bà rà gba kùm̀mọ̀; ó dÍfá fún a-lá wìí-ì-gbọ́.,Ọ̀bàràreceive acudgel blow; it consulted the Ifá oracle for a disobedient child.,English text contains Yoruba characters,,
scraped_data\csv\b\b_examples.csv,1012,248.0,108,"Irínwó ẹfọ̀n, ẹgbẹ̀rin ìwo, ogún-un Fúlà ní, ójìibà tà ; Ògídíolú ò wẹ̀yìn tó fi lé Adalo lùgbẹ́.","Four hundred buffaloes with eight hundred horns, twenty Fulbe men and fortyshoes; Ògídíolú did not look back until he had chased Adalo into the bush.",English text contains Yoruba characters,,
scraped_data\csv\b\b_examples.csv,1077,,111,"Ìròyìn kan lá tinú ìwé ìròyìn Time sọ pé: “Ó dà bíi pé ayọ̀ tà bí ohunkóhun míì tó bá lè mú ìtura ọkà n wá , ìyẹn bíi kéèyà n ní à gbọ́kà nlé, kéèyà n má a ro èrò rere à ti kéèyà n ní ìtẹ́lọ́rùn má a ń dín ewu à rùn tó jẹ mọ́ ọkà n à ti òpójẹ̀, à rùn ẹ̀dọ̀fóró, à tọ̀gbẹ, ẹ̀jẹ̀ ríru, òtútù à ti à kórà n tí kì í jẹ́ kéèyà n lè mí dá adá a kù","Arákùnrin Swingle fi kún ọ̀rọ̀ rẹ̀ pé: “Wíwá síhìn-ín láti wá kẹ́kọ̀ọ́ a máa sọni di onírẹ̀lẹ̀. Ìgbà tí ẹ óòbásì kúrò níhìn-ín, a óò ti túbọ̀ mú yín gbára dì láti gbé Jèhófà ga.”“It is a humbling experience to come here and spend time listening to instruction,” Brother Swingle said, adding: “You go away from here much better equipped to magnify Jehovah.”jw2019",English text contains Yoruba characters,,
scraped_data\csv\b\b_examples.csv,1079,,111,"Ìgbà tí ẹ óòbá sì kúrò níhìn-ín, a óò ti túbọ̀ mú yín gbá ra dì lá ti gbé Jèhófà ga","Látàrí èyí, ó kùnà láti máabáa nìṣó láti jẹ́ olóòótọ́ sí Ọlọ́run. In the most important area of life —faithfulness to God— Solomon failed. jw2019",English text contains Yoruba characters,,
scraped_data\csv\b\b_examples.csv,1082,,111,"Èyíbá bí Bíbélì ṣe ṣà pèjúwe ọ̀nà tí Sólómọ́nì gbà ṣiṣẹ́ ìkọ́lé rẹ̀ mu, pé: “Ní ti à gbà lá tító bi ná à , ẹsẹ mẹ́ta òkúta gbígbẹ́ à ti ẹsẹ kan ìtì igi kédá rì wà yí i ká ; à ti èyí pẹ̀lú fún à gbà lá inú lọ́hùn-ún ilé Jèhófà , à ti fún gọ̀bì ilé ná à","(1 Sámúẹ́lì 25:41; 2 Àwọn Ọba 3:11) Ẹ̀yin òbí, ǹjẹ́ ẹ máa ń gba àwọn ọmọ yín kékeré àtàwọn tó wà lọ́dọ̀ọ́ níyànjú pé kí wọ́n máa fayọ̀ ṣe iṣẹ́ èyíkéyìí tá abáfún wọn ṣe, ì báà jẹ́ ní Gbọ̀ngàn Ìjọba tàbí ní gbọ̀ngàn àpéjọ?(1 Samuel 25:41; 2 Kings 3:11) Parents, do you encourage your children and teenagers to work cheerfully at any assignment that they are given to do, whether at the Kingdom Hall, at an assembly, or at a convention site? jw2019",English text contains Yoruba characters,,
scraped_data\csv\b\b_examples.csv,1084,,111,"(1 Sá múẹ́lì 25:41; 2 À wọn Ọba 3:11) Ẹ̀yin òbí, ǹjẹ́ ẹ má a ń gba à wọn ọmọ yín kékeré à tà wọn tó wà lọ́dọ̀ọ́ níyà njú pé kí wọ́n má a fayọ̀ ṣe iṣẹ́ èyí kéyìí tá abá fún wọn ṣe, ì bá à jẹ́ ní Gbọ̀ngà n Ìjọba tà bí ní gbọ̀ngà n à péjọ","Bí wọ́nbáń pinnu ohun tí wọ́n máa ṣe, wọn kò gbọ́dọ̀ gbàgbé láti ronú lórí ohun tí Jèhófà máa fẹ́ kí wọ́n ṣe. Inmakingtheir decision, they must not fail to consider how Jehovah feels about what they are doing. jw2019",English text contains Yoruba characters,,
scraped_data\csv\b\b_examples.csv,1087,,111,"Bí à pẹẹrẹ, lẹ́yìn tí ìyà wó ará kùnrin kan kú tó sì tún lá wọn ìṣòro míì tó ń pinni lẹ́mìí, ó sọ pé: “Mo wá mọ̀ pé a ò lè yan à wọn à dá nwò tó má a débá wa, bẹ́ẹ̀ ná à la ò lè yan à kókò tá a fẹ́ ká wọn à dá nwò ná à dé tà bíbá a ṣe fẹ́ kí wọ́n jìnnà síra tó","Láwọn ibì kan, ìwà àrífín ló jẹ́ fún èèyàn láti máa la orúkọ mọ́ ẹni tó jù ú lọ lórí, àyàfi tóbájẹ́ pé onítọ̀hún ló ní kó máa pe òun lórúkọ. In some cultures, it is considered poor manners to address a person older than oneself by his first name unless invited to do so by the older one. jw2019",English text contains Yoruba characters,,
scraped_data\csv\b\b_examples.csv,1089,,111,"Lá wọn ibì kan, ìwà à rífín ló jẹ́ fún èèyà n lá ti má a la orúkọ mọ́ ẹni tó jù ú lọ lórí, à yà fi tó bá jẹ́ pé onítọ̀hún ló ní kó má a pe òun lórúkọ","24 Lẹ́yìn náà, àwọn kan lára àwọn tó wà pẹ̀lú wa lọ sí ibojì* náà,+ wọ́n sìbáibẹ̀ bí àwọn obìnrin náà ṣe sọ gẹ́lẹ́, àmọ́ wọn ò rí i.”24 Then some of those who were with us went off to the tomb,*+ and they found it just as the women had said, but they did notseehim.”jw2019",English text contains Yoruba characters,,
scraped_data\csv\b\b_examples.csv,1091,,111,"24 Lẹ́yìn ná à , à wọn kan lá ra à wọn tó wà pẹ̀lú wa lọ sí ibojì* ná à ,+ wọ́n sìbá ibẹ̀ bí à wọn obìnrin ná à ṣe sọ gẹ́lẹ́, à mọ́ wọn ò rí i","Tá abáń tẹ̀ lé àwọn ìlànà yìí, kò ní jẹ́ kí ẹ̀kọ́ òtítọ́ ṣòro láti lóye fáwọn èèyàn. Ifwe follow this guideline, we will not make the truth more complicated than it needs to be. jw2019",English text contains Yoruba characters,,
scraped_data\csv\b\b_examples.csv,1095,,111,"Nígbà ayé Jésù à ti à wọn ọmọ ẹ̀yìn rẹ̀, ó tún mú ìturabá à wọn Júù tí ìròbìnújẹ́bá níto rí ìwà ibi tó wà ní Ísírẹ́lì, tó sì jẹ́ pé wọ́n ń rá re nínú ìgbèkùn à ṣà à tọwọ́dọ́wọ́ ti ẹ̀sìn à wọn Júù ní ọ̀rúndún kìíní","+ Tí Sọ́ọ̀lùbásì rí ọkùnrin èyíkéyìí tó lágbára tàbí tó láyà, á gbà á síṣẹ́ ogun.+When Saul saw any strong or courageous man, he would recruit him into his service. jw2019",English text contains Yoruba characters,,
scraped_data\csv\b\b_examples.csv,1097,,111,"+ Tí Sọ́ọ̀lùbá sì rí ọkùnrin èyí kéyìí tó lá gbá ra tà bí tó lá yà , á gbà á síṣẹ́ ogun",Báwo ni ìyá rẹ̀ ṣe máabáa wí? How will his motherdisciplinehim? jw2019,English text contains Yoruba characters,,
scraped_data\csv\b\b_examples.csv,1102,,111,"Nígbà tíyẹnbá ṣẹlẹ̀, mo má a ń gbà dúrà sí Jèhófà , ó sì má a ń sọ ìpinnu mi dọ̀tun lá ti má abá a lọ lá ti ṣe à wọn ohun ti mo ṣì lè ṣe","Nígbà tó sì jẹ́ pé kò tíì ṣègbéyàwó, lóbábéèrè pé: “Báwo ni èyí yóò ṣe rí bẹ́ẹ̀, níwọ̀n bí èmi kò ti ń ní ìbádàpọ̀ kankan pẹ̀lú ọkùnrin?”Not being married, she said: “How is this to be, since I am having no intercourse with a man?”jw2019",English text contains Yoruba characters,,
scraped_data\csv\b\b_examples.csv,1104,,111,"Nígbà tó sì jẹ́ pé kò tíì ṣègbéyà wó, lóbá béèrè pé: “Bá wo ni èyí yóò ṣe rí bẹ́ẹ̀, níwọ̀n bí èmi kò ti ń ní ìbá dà pọ̀ kankan pẹ̀lú ọkùnrin",Kí lo rí kọ́ látinú bí Jèhófà ṣebáṢébínà wí? What has Shebna’s experience taught you about God’sdiscipline? jw2019,English text contains Yoruba characters,,
scraped_data\csv\b\b_examples.csv,1107,,111,"13 Lẹ́yìn tí ará kùnrin kan à ti ará bìnrin rẹ̀ gbọ́ à sọyé kan ní à péjọ à yíká kan, wọ́n rí i pé ó pọn dandan kí à wọn yí ọ̀nà tí wọ́n ń gbà bá ìyá wọn lò padà , ẹni tí wọ́n ti yọ lẹ́gbẹ́ lá ti ọdún mẹ́fà sẹ́yìn tó sì ń gbé níbòmírà n",Ìtẹ̀síwájú yìí kan jíjẹ́ òjíṣẹ́ tí òye rẹ̀ nínú ọ̀rọ̀ Ọlọ́run jinlẹ̀ tó sì mọṣẹ́ rẹ̀ níṣẹ́ tóbádọ̀rọ̀ ká wàásù ìhìn rere. That includes progressing as a mature and effective minister ofthegood news. jw2019,English text contains Yoruba characters,,
scraped_data\csv\b\b_examples.csv,1296,,129,"Ibòmírà n tí wọ́n tún kó wa lọ ni ọgbà ẹ̀wọ̀n ògbólógbó kan ní Komá rom, ìlú kan níbèbè OdòDanube, tó jẹ́ nǹkan bí ọgọ́rin kìlómítà lá pá ìwọ̀ oòrùn Budapest.","Our next destination was an old prison in Komárom, a city on the Danube River, about 50 miles [80 km] west of Budapest.",English text contains Yoruba characters,,
scraped_data\csv\b\b_examples.csv,1302,316.0,131,béèrèfagbá ra béèrè,demand,Unusual length ratio (3.2),,
scraped_data\csv\b\b_examples.csv,1329,,132,"Èyí bá bí Bíbélì ṣe ṣà pèjúwe ọ̀nà tí Sólómọ́nì gbà ṣiṣẹ́ ìkọ́lé rẹ̀ mu, pé: “Ní ti à gbà lá tító bi ná à , ẹsẹ mẹ́ta òkúta gbígbẹ́ à ti ẹsẹ kan ìtì igi kédá rì wà yí i ká ; à ti èyí pẹ̀lú fún à gbà lá inú lọ́hùn-ún ilé Jèhófà , à ti fún gọ̀bìilé ná à","Ó ń bá àwọn ẹ̀yà tí kì í ṣe àlùfáà wọnú àgbàlá òde, ó sì ń bá wọn jáde, ó máa ń jókòó sí gọ̀bìẸnubodè Ìlà-Oòrùn, ó sì ń pèsè díẹ̀ lára àwọn ọrẹ ẹbọ tí àwọn èèyàn yóò rú. He enters and exits the outer courtyard with the nonpriestly tribes, sits in the porch of the East Gate, and provides some of the sacrifices for the people to offer. jw2019",English text contains Yoruba characters,,
scraped_data\csv\b\b_examples.csv,1332,,132,"Ní à á rín oṣù December, lá ìpẹ́ sígbà tí ìjì yẹn wá jà , ọkọ̀ òkun tó ń jẹ́ Erika, tó gbé epo rì sínú ìgbì alagbalúgbú omi òkun níbi tó ku nǹkan bí à á dọ́ta kìlómítà kó dé etíkun ìhà ìwọ̀ oòrùn ilẹ̀ Faransé, ó sì da ẹgbẹ̀rún mẹ́wà á tọ́ọ̀nù epo rọ̀bìsínú omi",Èké mọ ilée rẹ̀ ó wó; ọ̀dàlẹ́ mọ tirẹ̀ óbìdànù. The devious person builds a house and it collapses; the treacherous person builds one and it tumbles inruins. Menyo20k,English text contains Yoruba characters,,
scraped_data\csv\b\b_examples.csv,1334,,132,À gbá onílítà mọ́kà ndínlọ́gọ́jọ yìí ni wọ́n ṣì ń lò títí dòní olónìí fún títa epo rọ̀bì,"Ká ní kò sí epo rọ̀bìni, ìgbésí ayé ì bá yàtọ̀ pátápátá fún ọ̀pọ̀ èèyàn. Daily life for many would bedrastically different without oil. jw2019",English text contains Yoruba characters,,
scraped_data\csv\b\b_examples.csv,1337,,132,"Jésù sọ pé: “Òjò sì tú dà sílẹ̀, ìkún omi sì dé, ẹ̀fúùfù sì fẹ́, wọ́n sìbìlu ilé ná à , ṣùgbọ́n kò ya lulẹ̀, níto rí a ti fi ìpìlẹ̀ rẹ̀ sọlẹ̀ sórí à pá ta rà bà tà","Àwọn èròjà tó wá láti inú epo rọ̀bìni wọ́n fi ń ṣe ọ̀pọ̀lọpọ̀ àwọn ohun ìṣaralóge, ọ̀dà ìkunlé, yíǹkì, oògùn, ajílẹ̀, ike àti àìlóǹkà àwọn nǹkan mìíràn. A multitude of cosmetics, paints, inks, drugs, fertilizers, and plastics as well as a myriad of other items contain petroleum products. jw2019",English text contains Yoruba characters,,
scraped_data\csv\b\b_examples.csv,1339,,132,"À wọn èròjà tó wá lá ti inú epo rọ̀bìni wọ́n fi ń ṣe ọ̀pọ̀lọpọ̀ à wọn ohun ìṣaralóge, ọ̀dà ìkunlé, yíǹkì, oògùn, ajílẹ̀, ike à ti à ìlóǹkà à wọn nǹkan mìírà n",Àwọn ẹnubodè yìí ni ibi tí omi Odò Tígírísìbìwó lára ògiri ìlú Nínéfè. These gates referred to the opening made in the walls of Ninevehbythe waters of the Tigris River. jw2019,English text contains Yoruba characters,,
scraped_data\csv\b\b_examples.csv,1345,,132,"Gamalieli olukọ ofin naa pese à mọ̀rà n ọlọgbọn: “Ẹ gá fá rà fun awọn ọkunrin wọnyi, ki ẹ sì jọwọ wọn jẹ́ẹ́: nito ri bi imọ tabi iṣẹ yii bá jẹ́ ti eniyan, a óbìí ṣubu: ṣugbọn bi ti Ọlọrun bá ni, ẹyin ki yoo lèbìí ṣubu; ki ó má baa jẹ́ pe, a rí yin, ẹ ń bá Ọlọrun jà","Wọ́n ní ohun tó mú epo rọ̀bìwá nìyí, èyí tí olórí èròjà rẹ̀ jẹ́ hydrocarbon, ìyẹn àpapọ̀ èròjà hydrogen àti carbon. This processthenproduces petroleum, whose main components are hydrocarbons —that is, hydrogen and carbon. jw2019",English text contains Yoruba characters,,
scraped_data\csv\b\b_examples.csv,1349,318.0,132,"Nígbà tí Sà nhẹ́dírìn à wọn Júù fẹ́ pa à wọn à pọ́sítélì, ó kìlọ̀ fún ilé ẹjọ́ ná à pé: “Ẹ má to jú bọ ọ̀rà n à wọn ọkùnrin wọ̀nyí, ṣùgbọ́n ẹ jọ̀wọ́ wọn jẹ́ẹ́; (níto rí pé, bí ó bá jẹ́ pé lá ti ọ̀dọ̀ ènìyà n ni ìpètepèrò tà bí iṣẹ́ yìí ti wá , a óbìí ṣubú; ṣùgbọ́n bí ó bá jẹ́ pé lá ti ọ̀dọ̀ Ọlọ́run ni, ẹ kì yóò lèbìwọ́n ṣubú","Bí àpẹẹrẹ, bíbì léèyàn á kànbìbéèyàn bá lo egbòogi kan tí wọ́n ń lò gẹ́gẹ́ bí oògùn amáratuni lálòjù. For example, one herb used to relax the body inducesvomitingif taken in excess. jw2019",English text contains Yoruba characters,,
scraped_data\csv\b\b_examples.csv,1358,,132,"Síbẹ̀, lẹ́yìn tí Gà má líẹ́lì tó jẹ́ Farisí olókìkí à ti olùkọ́ Òfin ti yẹ ẹ̀sùn tí wọ́n fi kan à wọn Kristẹni ìjímìjí wò, ó ṣe kìlọ̀kìlọ̀ pé: “Ẹ má to jú bọ ọ̀rà n à wọn ọkùnrin wọ̀nyí, ṣùgbọ́n ẹ jọ̀wọ́ wọn jẹ́ẹ́; (níto rí pé, bí ó bá jẹ́ pé lá ti ọ̀dọ̀ ènìyà n ni ìpètepèrò tà bí iṣẹ́ yìí ti wá , a óbìí ṣubú; ṣùgbọ́n bí ó bá jẹ́ pé lá ti ọ̀dọ̀ Ọlọ́run ni, ẹ kì yóò lèbìwọ́n ṣubú;) bí bẹ́ẹ̀ kọ́, a lè wá rí yín ní ẹni tí ń bá Ọlọ́run jà ní ti gidi","Ó ń jẹ́ bẹ́ẹ̀ nítorí pé nígbà tí ẹ̀fúùfùlẹ̀lẹ̀ bá ńbìlu àwọn ọ̀jẹ̀lẹ́ ẹ̀ka igi náà, ṣe ló máa ń dà bí ẹni pé igi náà ń súfèé. Because when the wind rushes through the delicate branches, the tree seemingly lifts its voice. jw2019",English text contains Yoruba characters,,
scraped_data\csv\b\b_examples.csv,1392,,134,bí eré bí eré,before you know it · like play like play,Unusual length ratio (0.3),,
scraped_data\csv\b\b_examples.csv,1402,326.0,134,"À mọ́ ṣá o, iṣẹ́ tó gba kéèyà n má a gbé nǹkan ìjà lè múni jẹ̀bi ẹ̀jẹ̀bíwọ́n bá ké sí olúwarẹ̀ lá ti wá lo ohun ìjà ná à",(7) Wọ́n ń fibía ṣe lè kápá àwọn ìṣòro òde òní hàn.(7) They showhowto cope with today’s problems. jw2019,English text contains Yoruba characters,,
scraped_data\csv\b\b_examples.csv,1405,322.0,134,"Èyí bá bíBíbélì ṣe ṣà pèjúwe ọ̀nà tí Sólómọ́nì gbà ṣiṣẹ́ ìkọ́lé rẹ̀ mu, pé: “Ní ti à gbà lá tító bi ná à , ẹsẹ mẹ́ta òkúta gbígbẹ́ à ti ẹsẹ kan ìtì igi kédá rì wà yí i ká ; à ti èyí pẹ̀lú fún à gbà lá inú lọ́hùn-ún ilé Jèhófà , à ti fún gọ̀bì ilé ná à","Ṣùgbọ́n gẹ́gẹ́ bẹ́ẹ̀ ṣe mọ̀, Pọ́ọ̀lù ò juwọ́ sílẹ̀ fáwọn ìwà wọ̀nyẹnbíẹni pé ó ti ju ohun tó lè ṣèkáwọ́ lọ. Asyou are aware, though, Paul did not resign himself to this, as ifhis actions were completely beyond his control. jw2019",English text contains Yoruba characters,,
scraped_data\csv\b\b_examples.csv,1407,322.0,134,"Ṣùgbọ́n gẹ́gẹ́ bẹ́ẹ̀ ṣe mọ̀, Pọ́ọ̀lù ò juwọ́ sílẹ̀ fá wọn ìwà wọ̀nyẹnbíẹni pé ó ti ju ohun tó lè ṣèká wọ́ lọ","Bíọjọ́ àpéjọ àgbègbè wa ṣe ń sún mọ́lé, kí ló yẹ kó jẹ́ àfojúsùn wa, kí sì nìdí? Asthe convention approaches, what should be our aim, and why? jw2019",English text contains Yoruba characters,,
scraped_data\csv\b\b_examples.csv,1411,322.0,134,"Bíwọ́n bá ń pinnu ohun tí wọ́n má a ṣe, wọn kò gbọ́dọ̀ gbà gbé lá ti ronú lórí ohun tí Jèhófà má a fẹ́ kí wọ́n ṣe","“Bía ti sanra jọ̀bọ̀tọ̀, a ń rìn hẹ́bẹ́hẹ́bẹ́ kiri àgbègbè àárín gbùngbùn àti gúúsù ìlà oòrùn Áfíríkà.“Withour distinctive, ponderous waddle, we wander the central and southeastern regions of Africa. jw2019",English text contains Yoruba characters,,
scraped_data\csv\b\b_examples.csv,1413,322.0,134,"“Bía ti sanra jọ̀bọ̀tọ̀, a ń rìn hẹ́bẹ́hẹ́bẹ́ ki ri à gbègbè à á rín gbùngbùn à ti gúúsù ìlà oòrùn Á fíríkà",14 Kíkọ́bía ṣe ń ṣiṣẹ́: Iṣẹ́ jẹ́ apá pàtàkì ìgbésí ayé.14 Learninghowto work: Work is a fundamental aspect of life. jw2019,English text contains Yoruba characters,,
scraped_data\csv\b\b_examples.csv,1416,322.0,134,"Bíà pẹẹrẹ, lẹ́yìn tí ìyà wó ará kùnrin kan kú tó sì tún lá wọn ìṣòro míì tó ń pinni lẹ́mìí, ó sọ pé: “Mo wá mọ̀ pé a ò lè yan à wọn à dá nwò tó má a dé bá wa, bẹ́ẹ̀ ná à la ò lè yan à kókò tá a fẹ́ ká wọn à dá nwò ná à dé tà bí bá a ṣe fẹ́ kí wọ́n jìnnà síra tó","24 Lẹ́yìn náà, àwọn kan lára àwọn tó wà pẹ̀lú wa lọ sí ibojì* náà,+ wọ́n sì bá ibẹ̀bíàwọn obìnrin náà ṣe sọ gẹ́lẹ́, àmọ́ wọn ò rí i.”24 Then some of those who were with us went off to the tomb,*+ and they found it justasthe women had said, but they did not see him.”jw2019",English text contains Yoruba characters,,
scraped_data\csv\b\b_examples.csv,1418,326.0,134,"24 Lẹ́yìn ná à , à wọn kan lá ra à wọn tó wà pẹ̀lú wa lọ sí ibojì* ná à ,+ wọ́n sì bá ibẹ̀bíà wọn obìnrin ná à ṣe sọ gẹ́lẹ́, à mọ́ wọn ò rí i",Ohun tó bọ́gbọ́n mu ni pé kó o ṣe àṣàrò lóríbíàṣìṣe kan ṣe lè yọrí sí àṣìṣe mìíràn kó tó wá yọrí sí dídá ẹ̀ṣẹ̀ tó burú jáì. It would be wise to meditate onhowone false step could lead to another and then to serious wrongdoing. jw2019,English text contains Yoruba characters,,
scraped_data\csv\b\b_examples.csv,1421,322.0,134,"Ṣùgbọ́n, gẹ́gẹ́bíonímọ sá yẹ́ǹsì nípa ìhùwà ẹ̀dá lá à á rín à wùjọ, Robert Plomin, ṣe sọ, à wọn olùwá dìí “wulẹ̀ ti ṣà wá rí agbègbè kan, kì í ṣe apilẹ̀ à bùdá , fún à ìlá gbá ra ìṣe ìwé kí kà","19 Nígbà tí àkókò náà tó, Kirusi ará Persia ṣẹ́gun Babiloni gan-an gẹ́gẹ́bía ti sọ tẹ́lẹ̀.19 When the time came, Cyrus the Persian conquered Babylon justasprophesied. jw2019",English text contains Yoruba characters,,
scraped_data\csv\b\b_examples.csv,1423,,134,"19 Nígbà tí à kókò ná à tó, Kirusi ará Persia ṣẹ́gun Babiloni gan-an gẹ́gẹ́bía ti sọ tẹ́lẹ̀",Ẹ kò ha níye lórí jù wọ́n lọbí?”Are you not worth more than theyare?”jw2019,English text contains Yoruba characters,,
scraped_data\csv\b\b_examples.csv,1426,326.0,134,"(Diutarónómì 23:12-14) Bó tiẹ̀ jẹ́ pé kò rọrùn fún wọn lá ti tẹ̀ lé à wọn òfin yìí to rí pé ibùdó ná à tó bi, à mọ́ ó dá jú pé èyí rà n wọ́n lọ́wọ́ lá ti dènà à wọn à rùnbíibà tá ífọ́ọ̀dù à ti kọ́lẹ́rà","Kọ́kọ́ yọ igi ìrólé kúrò nínú ojú tìrẹ ná, nígbà náà ni ìwọ yóò sì ríran kedere ní tibío ṣe lè yọ èérún pòròpórò kúrò nínú ojú arákùnrin rẹ.”—Mátíù 7:1-5. First extract the rafter from your own eye, and then you will see clearlyhowto extract the straw from your brother’s eye.” —Matthew 7:1-5. jw2019",English text contains Yoruba characters,,
scraped_data\csv\b\b_examples.csv,1428,326.0,134,"Kọ́kọ́ yọ igi ìrólé kúrò nínú ojú tìrẹ ná , nígbà ná à ni ìwọ yóò sì ríran kedere ní tibío ṣe lè yọ èérún pòròpórò kúrò nínú ojú ará kùnrin rẹ","Nígbà tó sì jẹ́ pé kò tíì ṣègbéyàwó, ló bá béèrè pé: “Báwo ni èyí yóò ṣe rí bẹ́ẹ̀, níwọ̀nbíèmi kò ti ń ní ìbádàpọ̀ kankan pẹ̀lú ọkùnrin?”Not being married, she said: “Howis this to be, since I am having no intercourse with a man?”jw2019",English text contains Yoruba characters,,
scraped_data\csv\b\b_examples.csv,1430,322.0,134,"Nígbà tó sì jẹ́ pé kò tíì ṣègbéyà wó, ló bá béèrè pé: “Bá wo ni èyí yóò ṣe rí bẹ́ẹ̀, níwọ̀nbíèmi kò ti ń ní ìbá dà pọ̀ kankan pẹ̀lú ọkùnrin",Kí lo rí kọ́ látinúbíJèhófà ṣe bá Ṣébínà wí? What has Shebna’s experience taught you about God’s discipline? jw2019,English text contains Yoruba characters,,
scraped_data\csv\b\b_examples.csv,1434,,134,"Kódà ní orílẹ̀-èdè tó kérébíNetherlands, tí à wọn èèyà n ibẹ̀ jẹ́ nǹkan bíi mílíọ̀nù mẹ́ẹ̀ẹ́dógún, tó bá fi má a di January 1, 2002, á pé ọdún mẹ́ta gbá ko tí à wọn ilé iṣẹ́ tó ń ṣe owó níbẹ̀ ti wà lẹ́nu ṣíṣe nǹkan bíi bílíọ̀nù mẹ́ta owó wẹ́wẹ́ à ti ogún ó dín ní irínwó mílíọ̀nù owó bébà","Síwájú sí i, o ò ṣẹ̀ṣẹ̀ ní láti lọ gba ìdánilẹ́kọ̀ọ́ àrà ọ̀tọ̀ kan lóríbíwọ́n ṣe ń rìn—ṣáà ti wá bàtà tó bá ọ lẹ́sẹ̀ mu. Moreover, it doesn’t require special training or athletic skill —only a good pair of shoes. jw2019",English text contains Yoruba characters,,
scraped_data\csv\b\b_examples.csv,1437,322.0,134,"(Jóòbù 38:4, 7; Kólósè 1:16) Níwọ̀nbíà wọn ẹ̀dá ẹ̀mí alá gbá ra wọ̀nyí ti ní òmìnira, là á kà yè à ti ìmọ̀lá ra, wọ́n lá ǹfà à ní lá ti ní à jọṣe onífẹ̀ẹ́ pẹ̀lú ara wọn lẹ́nì kìíní kejì, à ti lékè gbogbo rẹ̀, pẹ̀lú Jèhófà Ọlọ́run","Gẹ́gẹ́bíonímọ̀ nípa Bíbélì kan ṣe sọ ọ́, ‘ipa kan wà láti ọ̀dọ̀ Ọlọ́run, tí ń mú kí èrò inú gbà gbọ́.’There is, asone Bible scholar put it, ‘an influence from God to incline the mind to believe.’jw2019",English text contains Yoruba characters,,
scraped_data\csv\b\b_examples.csv,1439,322.0,134,"Gẹ́gẹ́bíonímọ̀ nípa Bíbélì kan ṣe sọ ọ́, ‘ipa kan wà lá ti ọ̀dọ̀ Ọlọ́run, tí ń mú kí èrò inú gbà gbọ́","Ìjíròrò pẹ̀lú àwùjọ tá a gbé ka ìwéBíA Ṣe Lè Bẹ̀rẹ̀ Awọn Ìjíròrò Bibeli Kí A Sì Máa Báa Nìṣó, ojú ìwé 2, ìpínrọ̀ 1 àti 2. Audience discussion based onthe Reasoning book, page 9, paragraphs 1-2. jw2019",English text contains Yoruba characters,,
scraped_data\csv\b\b_examples.csv,1447,,136,Ọbẹ ṣìlòó ń bá ni ṣeré a ní kò mú;bí eré bí eréó ń pani lọ́wọ́.,The ṣìlò knife is playing with one and one says it is not sharp; just as in playit slashes one's hand.,English text contains Yoruba characters,,
scraped_data\csv\b\b_examples.csv,1450,334.0,137,bí òbìrìkìtìki bitikiribiti,circular,Unusual length ratio (3.2),,
scraped_data\csv\b\b_examples.csv,1499,,147,"(Má tíù 28:19, 20) À wọn ọ̀rọ̀ wọ̀nyẹn bá a mu gan-an ni, níwọ̀nbóti jẹ́ pé orílẹ̀-èdè ogun ni a rá n à wọn akẹ́kọ̀ọ́yege wọ̀nyí lọ lá ti lọ má a sìn","Gẹ́gẹ́bóṣe rí nígbà ayé Jeremáyà, Jèhófà, Ọlọ́run ayérayé nìkan ní Orísun omi ààyè. As wasthe casein Jeremiah’s day, the eternal God, Jehovah, continues to be the only Source of life-giving waters. jw2019",English text contains Yoruba characters,,
scraped_data\csv\b\b_examples.csv,1503,,147,"Bóṣe wà nínú Ẹ́kí sódù 23: 9, bá wo ni Ọlọ́run ṣe fẹ́ ká wọn ọmọ Ísírẹ́lì má a ṣe sá wọn à jèjì, kí sì nìdí",Ó dájú pébóo ṣe fi hàn pé ọ̀ràn wọn jẹ ẹ́ lógún máa wú wọn lórí. No doubt they’ll be pleased thatyoucare enough to ask about their life. jw2019,English text contains Yoruba characters,,
scraped_data\csv\b\b_examples.csv,1506,,147,"(Diutarónómì 23:12-14)Bótiẹ̀ jẹ́ pé kò rọrùn fún wọn lá ti tẹ̀ lé à wọn òfin yìí to rí pé ibùdó ná à tó bi, à mọ́ ó dá jú pé èyí rà n wọ́n lọ́wọ́ lá ti dènà à wọn à rùn bí ibà tá ífọ́ọ̀dù à ti kọ́lẹ́rà","A jọ sọ̀rọ̀ lórí bí Jésù ṣe jẹ́ Júù àti lórí kókó náà pé, bótilẹ̀ jẹ́ pé Júù ni mí, mo ti di ọ̀kan lára àwọn Ẹlẹ́rìí Jèhófà. We talked about Jesus’ being a Jew and about the fact that eventhough I was Jewish, I had become one of Jehovah’s Witnesses. jw2019",English text contains Yoruba characters,,
scraped_data\csv\b\b_examples.csv,1508,,147,"A jọ sọ̀rọ̀ lórí bí Jésù ṣe jẹ́ Júù à ti lórí kókó ná à pé,bóti lẹ̀ jẹ́ pé Júù ni mí, mo ti di ọ̀kan lá ra à wọn Ẹlẹ́rìí Jèhófà",Ìṣòro kan tó lè máà jẹ́ ká ronúbóti yẹ ni dídá ara ẹni lójú jubóti yẹ lọ. A threat to our ability to think straight is a tendency to beoverconfident. jw2019,English text contains Yoruba characters,,
scraped_data\csv\b\b_examples.csv,1511,,147,"Ó sọ ọ́ di dandan fún mi lá ti má a bá bà bá mi lọ gbá boules (irú eré bọ́ọ̀lù kan nílẹ̀ Faransé),bóti lẹ̀ jẹ́ pé mi ò fi bẹ́ẹ̀ nífẹ̀ẹ́ sí eré bọ́ọ̀lù yẹn",8BóO Ṣe Lè Di Ọ̀kan Lára Àwọn Ọmọ Ọlọ́run8 Becoming One of God’s Childrenjw2019,English text contains Yoruba characters,,
scraped_data\csv\b\b_examples.csv,1515,,147,"(Gá lá tíà 6:10; Ìṣe 16:14-18)Bóti lẹ̀ rí bẹ́ẹ̀, à wọn Kristẹni tòótọ́ má a ń yà gò fún lílọ́wọ́ nínú ìjọsìn èké, títí kan ohunkóhun tó bá jẹ mọ́ ṣíṣà jẹ́","Bótilẹ̀ jẹ́ pé Mósè àti Áárónì ni wọ́n dojú ìráhùn wọn kọ, Jèhófà wò ó pé òun Ọlọ́run gan-an ni wọ́n ń ráhùn sí. Althoughtheir complaints were directed against Moses and Aaron, in Jehovah’s eyes the real target of their discontent was God himself. jw2019",English text contains Yoruba characters,,
scraped_data\csv\b\b_examples.csv,1519,,147,"Ìwà Anna tún wú olùkọ́ ná à lórí, ó sì gbóríyìn fun un níwá jú à wọn ọmọ kí lá à sì tó kù to rí pé ó jẹ́ ọmọlúwà bí à tibóṣe má a ń múra níwọ̀ntúnwọ̀nsì","Fún àpẹẹrẹ, òkìkí Nostradamus, awòràwọ̀ tó jẹ́ ọmọ ilẹ̀ Faransé nì, ṣì ń kàn títí di ìsinsìnyí, bótilẹ̀ jẹ́ pé ọ̀pọ̀ ọ̀rúndún ti kọjá tó ti kú. For example, French astrologer Nostradamus continues to be popular, though he has been dead for centuries. jw2019",English text contains Yoruba characters,,
scraped_data\csv\b\b_examples.csv,1521,,147,"Fún à pẹẹrẹ, òkìkí Nostradamus, awòrà wọ̀ tó jẹ́ ọmọ ilẹ̀ Faransé nì, ṣì ń kà n títí di ìsinsìnyí,bóti lẹ̀ jẹ́ pé ọ̀pọ̀ ọ̀rúndún ti kọjá tó ti kú","Kàkà bẹ́ẹ̀, ṣe lòun ń “wà láàyè nìṣó”bótiẹ̀ jẹ́ pé ipò tirẹ̀ yàtọ̀ sí ti ọ̀pọ̀ jù lọ èèyàn ìgbà ayé rẹ̀. He survived Jerusalem’s destruction, thoughhis personal situation was different from most. jw2019",English text contains Yoruba characters,,
scraped_data\csv\b\b_examples.csv,1524,,147,"Bóyá o tiẹ̀ ti ń sọ lọ́kà n rẹ pé, ‘Bóṣe dà bíi pé Jèhófà ò ṣe nǹkan kan nípa à dá nwò mi yìí, ǹjẹ́ èyí ò fi hà n pé kò mọ ohun tí mò ń dojú kọ tà bí pé kò tiẹ̀ bìkí tà nípa mi",Pabanbarì ẹ̀ ni pé kò sẹ́ni tó máa sọ pé òun ò mọbóṣe máa ń ṣèèyàn nígbà téèyàn ẹni bá kú. And who of us has not experienced deep pain and emptiness after losing a loved one in death? jw2019,English text contains Yoruba characters,,
scraped_data\csv\b\b_examples.csv,1528,,147,"Bí èdè yìí ṣe má a ń dún téèyà n bá ń sọ ọ́,bóṣe jẹ́ pé ń ṣe là wọn fá wẹ̀lì tẹ̀ lé ara wọn (odidi fá wẹ̀lì má rùn-ún lè wà nínú ọ̀rọ̀ kan ṣoṣo), à tibóṣe jẹ́ pé ìwọ̀nba kọ́ń sóná ǹtì díẹ̀ ló ní mú kó fẹ́ sú à wọn míṣọ́nná rì ná à","Bótilẹ̀ jẹ́ pé ohun tó ṣe é yìí le gan-an, tí àwọn dókítà kan sì sọ pé tí wọ́n ò bá fẹ́ kó kú, ó yẹ kí wọ́n fa ẹ̀jẹ̀ sí i lára, àwọn tó ń tọ́jú rẹ̀ sọ pé ohun tó kọ sínú ìwé yẹn làwọn máa tẹ̀ lé. Although hiscondition was serious and some doctors felt that to save his life, blood transfusion was necessary, the medical staff was prepared to honor his wishes. jw2019",English text contains Yoruba characters,,
scraped_data\csv\b\b_examples.csv,1530,,147,"Bóti lẹ̀ jẹ́ pé ohun tó ṣe é yìí le gan-an, tí à wọn dókí tà kan sì sọ pé tí wọ́n ò bá fẹ́ kó kú, ó yẹ kí wọ́n fa ẹ̀jẹ̀ sí i lá ra, à wọn tó ń tọ́jú rẹ̀ sọ pé ohun tó kọ sínú ìwé yẹn là wọn má a tẹ̀ lé","Mo bẹ̀ ẹ́ pé kí ó bá mi tún àwọn ẹsẹ̀ mi tí ó ti rún gbé sípòbóti yẹ. I asked her to adjust the position of my legs, astheywere mangled. jw2019",English text contains Yoruba characters,,
scraped_data\csv\b\b_examples.csv,1593,399.0,159,akanalakasaà rùn búburú kan,cancer,Unusual length ratio (4.5),,
scraped_data\csv\b\b_translations.csv,14,,4,,,Very short translation,d,high
scraped_data\csv\b\b_translations.csv,41,,13,,,Very short translation,l,high
scraped_data\csv\b\b_translations.csv,43,,14,,,Very short translation,l,high
scraped_data\csv\b\b_translations.csv,98,,36,,,Very short translation,L,high
scraped_data\csv\b\b_translations.csv,103,,38,,,Very short translation,N,high
scraped_data\csv\b\b_translations.csv,105,,38,,,Very short translation,L,high
scraped_data\csv\b\b_translations.csv,109,,39,,,Very short translation,N,high
scraped_data\csv\b\b_translations.csv,111,,39,,,Very short translation,L,high
scraped_data\csv\b\b_translations.csv,130,,51,,,Very short translation,w,high
scraped_data\csv\b\b_translations.csv,142,,58,,,Contains non-English/non-Yoruba characters,Guinea-Bissau · Guinea-Bissau,medium
scraped_data\csv\b\b_translations.csv,161,,72,,,Very short translation,n,high
scraped_data\csv\b\b_translations.csv,182,,89,,,Very short translation,m,high
scraped_data\csv\b\b_translations.csv,186,,91,,,Very short translation,b,high
scraped_data\csv\b\b_translations.csv,194,,94,,,Very short translation,d,high
scraped_data\csv\b\b_translations.csv,204,,98,,,Very short translation,d,high
scraped_data\csv\b\b_translations.csv,210,,98,,,Contains non-English/non-Yoruba characters,father's father · grandfather · paternal grandfather,medium
scraped_data\csv\b\b_translations.csv,211,,98,,,Contains non-English/non-Yoruba characters,grand · grandfather · grandpa,medium
scraped_data\csv\b\b_translations.csv,214,,98,,,Contains non-English/non-Yoruba characters,paternal · paternity,medium
scraped_data\csv\b\b_translations.csv,251,,108,,,Contains non-English/non-Yoruba characters,sneakers · trainers,medium
scraped_data\csv\b\b_translations.csv,388,,154,,,Very short translation,d,high
scraped_data\csv\b\b_translations.csv,396,,158,,,Very short translation,d,high
scraped_data\csv\b\b_translations.csv,533,,211,,,Contains non-English/non-Yoruba characters,association football · football · soccer,medium
scraped_data\csv\b\b_translations.csv,535,,211,,,Contains non-English/non-Yoruba characters,football · soccer,medium
