id,translation_id,word_id,yoruba_text,english_text,is_jw_reference,confidence,source,score
1,1.0,1,"Nínú apá yìí, a máajíròrò díẹ̀ lára àwọn ẹjọ́ mánigbàgbé tó wáyé.","In this section, we willexamine some of that remarkable record.",False,high,html,0
2,,1,A máań dá nǹkan ọ̀hún padà fún oníǹkan.,We seekto return it to its rightful owner.,False,high,html,0
3,,1,Jèhófà retí pé kía máafi tọkàntọkàn sin òun.,Jehovah expectsus toserve him wholeheartedly.,True,high,html,0
4,,1,Séa máań tètè dárí ji ara wa?,How long does it usuallytake for us to forgive each other?,False,high,html,0
5,,1,(2 Kọ́ríńtì 1:8-10) Ǹjẹ́a máań fara da ìṣòro kó lè ṣe wá láǹfààní lẹ́yìn-ọ̀-rẹyìn?,(2 Corinthians 1:8-10) Doweallow suffering to have a good effect on us?,True,high,html,0
6,,1,"Nínú àpilẹ̀kọ tó kàn, a máajíròrò onírúurú ọ̀nà tá a lè gbà ṣe bẹ́ẹ̀.",The following articlewillexplore some of these ways and areas.,False,high,html,0
7,,1,Òótọ́ ni pé “a máań kọsẹ̀ lọ́pọ̀ ìgbà.”,"Of course, “weall stumble many times.”",False,high,html,0
8,,1,Àwọn Juua máarinkinkin mọ́ ọn pé kí obìnrin kan jẹ́ wúńdíá. —Deuteronomi 22: 13-19; fiwé Genesisi 38: 24-26.,The Jews insistedona girl'sbeinga virgin. —Deuteronomy 22:13-19; compare Genesis 38:24-26.,False,high,html,0
9,,1,"Tá a bá ń hùwà bíi Kristi, a máaborí ìdẹwò èyíkéyìí tó bá yọjú.","Whenweare confronted with temptations, our Christlike attitudewillmove us to push them away.",False,high,html,0
10,,1,"Lẹ́yìn náà, Jésù kọ́ wa pé ká máa gbàdúrà fún oúnjẹ táa máajẹ lóòjọ́.","Next, Jesus taught us to pray for the foodweneedforthe day.",False,high,html,0
11,,1,"A nífẹ̀ẹ́ Jèhófà, Bíbélì sì sọ pé: “Ìfẹ́... a máafara da ohun gbogbo.”","We love Jehovah, and the Bible says: “Love... endures all things.”",True,high,html,0
12,,1,A máaní ilé tó dára àti iṣẹ́ tó ń tẹ́ni lọ́rùn.,Suitable homes and satisfying work.,False,high,html,0
13,,1,A máań sọ̀rọ̀ nípa ìjọ àti ìpín wa nínú iṣẹ́ òjíṣẹ́ Kristian.”,We wouldtalk about the congregation and our share in the Christian ministry.”,False,high,html,0
14,,1,"Kì í yọ̀ lórí àìṣòdodo, ṣùgbọ́na máayọ̀ pẹ̀lú òtítọ́.","It does not rejoice over unrighteousness, butrejoiceswith the truth.",False,high,html,0
15,,1,Kí ló yẹ ká fi sọ́kàn bá a ṣe ń ronú ohun táa máawọ̀?,What is a reasonable consideration as we think about whattowear?,False,high,html,0
16,,1,A máań fi àwọn ìwé wa pàtàkì-pàtàkì sí yàrá ìkówèésí kọ̀ọ̀kan.,Weprovided each library with our main publications.,False,high,html,0
17,,1,A máań sọ̀rọ̀ fàlàlà nígbà tá a bá ń ka ìwé náà.,Ourstudy is a nonstop conversation.,False,high,html,0
18,,1,"Ó dára, ẹ jẹ́ kía máabá ìgbéyẹ̀wò wa nípa ìfọ́jú níti ara ìyára nìṣó.","Well, let uscontinueour review of literal blindness.",False,high,html,0
19,,1,Ó yẹ fún àfiyèsí pé rírà nia máara “oògùn ojú” yìí.,Worthy of note is the fact that this “eyesalve” has to be bought.,False,high,html,0
20,,1,"Àmọ́ o, akọnia máakàgbákò lójú ìjà nígbà míì.",But the mightydo not alwayswin the battle.,False,high,html,0
21,,1,"(Jákọ́bù 3:2) Láwọn ìgbà míì, a máań sọ̀rọ̀ láìronú.","(James 3:2) At times, weall speak thoughtlessly.",False,high,html,0
22,,1,30 “Òpè EniyanA MáaGba Ohun Gbogbo Gbọ́”,30 “TheNaivePerson Believes Every Word”,False,high,html,0
23,,1,"Nítorí àìpé ẹ̀dá, a máań tẹ̀ síhà ṣíṣe àwọn ohun tí a mọ̀ pé kò yẹ.","Because of human imperfection, weareinclinedto do things that we know are wrong.",False,high,html,0
24,,1,15 min: “A MáaPín Ìròyìn Ìjọba No. 38 Lóṣù January!”,15 min: “HowtoPrepare Effective Introductions.”,False,high,html,0
25,,1,A MáaBẹ̀rẹ̀ Sí Í Pín Ìwé Ìkésíni Síbi Ìrántí Ikú Kristi Ní March 1,Campaign to Advertise the Memorial Begins March 1,False,high,html,0
26,3.0,2,"Síwájú sí i, báabá ń ṣiṣẹ́ àṣekára, amáa rówó fi ran àwọn ẹlòmíì lọ́wọ́.","Additionally, our hard work enables us to be generous inafinancial way.",False,high,html,0
27,3.0,2,"Lọ́jọ́ kan, alàgbà kan fi àwọn fọ́tò kan táajọ yà hàn mí.","One day, an elder showed me some pictureshehad taken of us.",False,high,html,0
28,3.0,2,"Síwájú sí i, báabá ń ṣiṣẹ́ àṣekára,amáa rówó fi ran àwọn ẹlòmíì lọ́wọ́","Additionally, our hard work enables us to be generous inafinancial way.",False,low,short_word,0
29,3.0,2,"Lọ́jọ́ kan, alàgbà kan fi àwọn fọ́tò kan táajọ yà hàn mí","One day, an elder showed me some pictureshehad taken of us.",False,low,short_word,0
30,,2,"13, 14. (a) Báwo ni Jèhófà ṣe máa ń fòye báni lò?","13, 14. (a) How does Jehovah demonstrate reasonableness?",True,high,html,0
31,,2,"7, 8. (a) Ẹ̀rí wo ni ó wà níbẹ̀ pé àwọn ènìyàn Ọlọrun ti 'sọ okùn ibùgbé wọn di gígùn'?","7, 8. (a) What evidence is there that God's people have 'lengthened their tent cords'?",False,high,html,0
32,,2,"(Mátíù 28:19, 20) Àwọn ọ̀rọ̀ wọ̀nyẹn báamu gan-an ni, níwọ̀n bó ti jẹ́ pé orílẹ̀-èdè ogun niarán àwọn akẹ́kọ̀ọ́yege wọ̀nyí lọ láti lọ máa sìn!","(Matthew 28:19, 20) Howappropriatethat was, since the graduates arebeingsent to serve in 20 different countries!",False,high,html,0
33,,2,"Niti imuṣẹ asọtẹlẹ yẹn, akọwe rẹ̀ pe: “Ọpọ ijọ eniyan tẹ́ aṣọ wọn si ọna; ẹlomiran ṣẹ́ ẹka igi wẹ́wẹ́, wọn sì fún wọn si ọna.","Concerning the fulfillment of that prophecy, itis written: “Most of the crowd spread their outer garments on the road, while others began cutting down branches from the trees and spreading them on the road.",False,high,html,0
34,,2,"Arákùnrin Swingle fi kún ọ̀rọ̀ rẹ̀ pé: “Wíwá síhìn-ín láti wá kẹ́kọ̀ọ́amáa sọni di onírẹ̀lẹ̀. Ìgbà tí ẹ óò bá sì kúrò níhìn-ín, aóò ti túbọ̀ mú yín gbára dì láti gbé Jèhófà ga.”","“Itisahumbling experience to come here and spend time listening to instruction,” Brother Swingle said, adding: “You go away from here much better equipped to magnify Jehovah.”",True,high,html,0
35,3.0,2,Aóò borí àwọn àrùn tí ń gbèèràn; ọ̀kọ̀ọ̀kan niaóò ṣẹ́gun wọn.,Infectious disease wouldbedefeated; conquest would follow conquest.,False,high,html,0
36,3.0,2,"Jọ̀wọ́, jẹ́ kíaṣubú sí ọwọ́ Jèhófà,+ nítorí àánú rẹ̀ pọ̀;+ ṣùgbọ́n má ṣe jẹ́ kí n ṣubú sí ọwọ́ èèyàn.”","Letusfall, please, into the hand of Jehovah,+ for his mercy is great;+ but do not let me fall into the hand of man.”",True,high,html,0
37,,2,(7) Wọ́n ń fi bíaṣe lè kápá àwọn ìṣòro òde òní hàn.,(7) They show how to cope with today's problems.,False,high,html,0
38,,2,"Látàrí èyí, ó kùnà láti máa báanìṣó láti jẹ́ olóòótọ́ sí Ọlọ́run.",In the most important area of life —faithfulness to God— Solomon failed.,False,high,html,0
39,2.0,2,Àwọn ọ̀nà wo la lè gbà mú kí ìwúlò àwọn ẹsẹ Ìwé Mímọ́ táakà ṣe kedere?,In what ways canwemake clear the application of scripturesweread?,True,high,html,0
40,2.0,2,"8 Nipasẹ Oluṣọ-agutan kan rẹ̀, Kristi Jesu, Jehofa bá awọn agutan Rẹ̀ tiabọ́ yó dá “majẹmu alaafia” kan.","8 Through his one Shepherd, Christ Jesus, Jehovah concludes with His well-fed sheepa“covenant of peace.”",True,high,html,0
41,,2,Ṣugbọnaṣe ìdìbò kan; ọkunrin rere kan bori.,But an election is held;agood man wins.,False,high,html,0
42,3.0,2,Ọmọ-ọwọ naa Mose niagbé pamọ saaarin awọn esusu ni bebe Odo Naili ti ó sì tipa bẹẹ bọ lọwọ ipakupa awọn ọmọ-ọwọ ti ó jẹ ọkunrin ọmọ Isirẹli gẹgẹ biati paṣẹ lati ọwọ Farao ti Ijibiti.,The infant Moseswasconcealed among the reeds on the banks of the Nile River and thus escaped the slaughter of Israelite male babiesasordered by Pharaoh of Egypt.,False,high,html,0
43,,2,"(1 Sámúẹ́lì 25:41; 2 Àwọn Ọba 3:11) Ẹ̀yin òbí, ǹjẹ́ ẹ máa ń gba àwọn ọmọ yín kékeré àtàwọn tó wà lọ́dọ̀ọ́ níyànjú pé kí wọ́n máa fayọ̀ ṣe iṣẹ́ èyíkéyìí táabá fún wọn ṣe, ì báà jẹ́ ní Gbọ̀ngàn Ìjọba tàbí ní gbọ̀ngàn àpéjọ?","(1 Samuel 25:41; 2 Kings 3:11) Parents, do you encourage your children and teenagers to work cheerfully at any assignment that they are given to do, whether at the Kingdom Hall, at an assembly, or ataconvention site?",True,high,html,0
44,2.0,2,"“Bíati sanra jọ̀bọ̀tọ̀, ań rìn hẹ́bẹ́hẹ́bẹ́ kiri àgbègbè àárín gbùngbùn àti gúúsù ìlà oòrùn Áfíríkà.","“With our distinctive, ponderous waddle, wewander the central and southeastern regions of Africa.",False,high,html,0
45,2.0,2,"Amáa ń jí lówùúrọ̀ kùtùkùtù, aóò sì fi ohun tẹ̀mí bẹ̀rẹ̀ ọjọ́ náà nípa ṣíṣàyẹ̀wò ẹsẹ Bíbélì ti ọjọ́ náà.",Wewake up early in the morning and start off our day onaspiritual note by consideringadaily Bible text.,True,high,html,0
46,,2,14 Kíkọ́ bíaṣe ń ṣiṣẹ́: Iṣẹ́ jẹ́ apá pàtàkì ìgbésí ayé.,14 Learning how to work: Work isafundamental aspect of life.,False,high,html,0
47,2.0,2,"Ni imurasilẹ fun kíkí pupọ sii awọn olùfìfẹ́hàn kaabọ si awọn ipade, bi o ti wu ki o ri, afun wa niṣiiri lati pe araawa ẹnikinni keji pẹlu awọn orukọ idile.","In preparation for welcoming many more interested ones to our meetings, however, wewere encouraged to refer to one another by family names.",False,high,html,0
48,2.0,2,"Bí àpẹẹrẹ, lẹ́yìn tí ìyàwó arákùnrin kan kú tó sì tún láwọn ìṣòro míì tó ń pinni lẹ́mìí, ó sọ pé: “Mo wá mọ̀ péaò lè yan àwọn àdánwò tó máa dé bá wa, bẹ́ẹ̀ náà la ò lè yan àkókò táafẹ́ káwọn àdánwò náà dé tàbí báaṣe fẹ́ kí wọ́n jìnnà síra tó.","After one brother lost his wife in death andhefaced other painful circumstances, hesaid: “I learned thatwecannot choose our tests, neither their time nor their frequency.",False,high,html,0
49,,2,"Nathaniel niatete mú ní isopọ pẹlu ijọ ti ó sunmọtosi julọ, eyi ti ó jinna tó 20 ibusọ.","Nathanielwasquickly put in touch with the nearest congregation, some 20 miles [30 km] away.",False,high,html,0
50,2.0,2,"Adúpẹ́ pé ara Inger ti yá, asì tún láǹfààní láti máa pésẹ̀ sí ìpàdé ní Gbọ̀ngàn Ìjọba.”","Thankfully, Inger has recovered, and once againweare able to attend Christian meetings at the Kingdom Hall.”",True,high,html,0
51,,2,Ìwé kan tó ń jẹ́AParent's Guide to the Teen Years sọ pé: “Èyí lè mú kí wọ́n wà nínú ewu torí pé ojú àwọn ọkùnrin oníṣekúṣe lè bẹ̀rẹ̀ sí í wà lára wọn.”,"“They're also at risk of attracting the attention of older boys who are more apt to be sexually experienced,” says the bookAParent's Guide to the Teen Years.",False,high,html,0
52,2.0,2,"Táabá ń tẹ̀ lé àwọn ìlànà yìí, kò ní jẹ́ kí ẹ̀kọ́ òtítọ́ ṣòro láti lóye fáwọn èèyàn.","Ifwefollow this guideline, wewill not make the truth more complicated thanitneeds to be.",False,high,html,0
53,2.0,2,"Nígbà táabá lo ara wa fún àwọn ẹlòmíràn, kì í ṣe péań ràn wọ́n lọ́wọ́ nìkan ni, àmọ́ àwa fúnra wá tún ń rí ayọ̀ àti ìtẹ́lọ́rùn tó ń sọ ìṣòro wa di èyí tó ṣeé fara dà.—Ìṣe 20:35.","Whenwegive of ourselves to others, not only dowehelp them butwealso enjoyameasure of happiness and satisfaction that make our own burdens more bearable. —Acts 20:35.",False,high,html,0
54,3.0,2,12 Esekiẹli niafun ni awọn iran ati ihin-iṣẹ fun oniruuru awọn ète ati awujọ eniyan.,12 Ezekiel wasgivenvisions and messages for various purposes and audiences.,False,high,html,0
55,,2,YorubaEnglish,YorubaEnglish,False,low,short_word,0
56,,2,orúkọ tí a kì í,defined name,False,low,short_word,0
57,,2,awẹ́-ìwé tí a tọ́kasí,linked style sheet,False,low,short_word,0
58,,2,alásopọ̀ tí a fi pamọ́,Saved networks,False,low,short_word,0
59,,2,a tan mákírò,macro-enabled,False,low,short_word,0
60,,2,àfetígbọ́ tí a ṣèfibọ̀ ní ṣókí,embedded audio clip,False,low,short_word,0
61,,2,A kú ọdún àjíǹde,Happy Easter,False,low,short_word,0
62,,2,aṣàfihàn a-fìwúlò-ọ̀rọ̀-hàn,auxiliary display,False,low,short_word,0
63,,2,àwọn ìlà tí a ti yípadà,changed lines,False,low,short_word,0
64,,2,—Acts 20:35,LOAD MORE,False,low,short_word,0
65,,2,(a) Báwo ni Jèhófà ṣe máa ń fòye báni lò,"13, 14. (a) How does Jehovah demonstrate reasonableness?",False,low,short_word,0
66,,2,(a) Ẹ̀rí wo ni ó wà níbẹ̀ pé àwọn ènìyàn Ọlọrun ti ‘sọ okùn ibùgbé wọn di gígùn’,"7, 8. (a) What evidence is there that God’s people have ‘lengthened their tent cords’?",False,low,short_word,0
67,,2,"(Mátíù 28:19, 20) Àwọn ọ̀rọ̀ wọ̀nyẹn báamu gan-an ni, níwọ̀n bó ti jẹ́ pé orílẹ̀-èdè ogun niarán àwọn akẹ́kọ̀ọ́yege wọ̀nyí lọ láti lọ máa sìn","(Matthew 28:19, 20) Howappropriatethat was, since the graduates arebeingsent to serve in 20 different countries!",False,low,short_word,0
68,,2,"Concerning the fulfillment of that prophecy,itis written: “Most of the crowd spread their outer garments on the road, while others began cutting down branches from the trees and spreading them on the road","Arákùnrin Swingle fi kún ọ̀rọ̀ rẹ̀ pé: “Wíwá síhìn-ín láti wá kẹ́kọ̀ọ́amáa sọni di onírẹ̀lẹ̀. Ìgbà tí ẹ óò bá sì kúrò níhìn-ín,aóò ti túbọ̀ mú yín gbára dì láti gbé Jèhófà ga.”“Itisahumbling experience to come here and spend time listening to instruction,” Brother Swingle said, adding: “You go away from here much better equipped to magnify Jehovah.”jw2019",False,low,short_word,0
69,,2,"Niti imuṣẹ asọtẹlẹ yẹn,akọwe rẹ̀ pe: “Ọpọ ijọ eniyan tẹ́ aṣọ wọn si ọna; ẹlomiran ṣẹ́ ẹka igi wẹ́wẹ́, wọn sì fún wọn si ọna","Concerning the fulfillment of that prophecy,itis written: “Most of the crowd spread their outer garments on the road, while others began cutting down branches from the trees and spreading them on the road.",False,low,short_word,0
70,3.0,2,Arákùnrin Swingle fi kún ọ̀rọ̀ rẹ̀ pé: “Wíwá síhìn-ín láti wá kẹ́kọ̀ọ́amáa sọni di onírẹ̀lẹ̀,Aóò borí àwọn àrùn tí ń gbèèràn; ọ̀kọ̀ọ̀kan niaóò ṣẹ́gun wọn.Infectious disease wouldbedefeated; conquest would follow conquest.jw2019,False,low,short_word,0
71,3.0,2,"Ìgbà tí ẹ óò bá sì kúrò níhìn-ín,aóò ti túbọ̀ mú yín gbára dì láti gbé Jèhófà ga",Aóò borí àwọn àrùn tí ń gbèèràn; ọ̀kọ̀ọ̀kan niaóò ṣẹ́gun wọn.Infectious disease wouldbedefeated; conquest would follow conquest.jw2019,False,low,short_word,0
72,3.0,2,"”“Itisahumbling experience to come here and spend time listening to instruction,” Brother Swingle said, adding: “You go away from here much better equipped to magnify Jehovah",Aóò borí àwọn àrùn tí ń gbèèràn; ọ̀kọ̀ọ̀kan niaóò ṣẹ́gun wọn.Infectious disease wouldbedefeated; conquest would follow conquest.jw2019,False,low,short_word,0
73,,2,Arákùnrin Swingle fi kún ọ̀rọ̀ rẹ̀ pé: “Wíwá síhìn-ín láti wá kẹ́kọ̀ọ́amáa sọni di onírẹ̀lẹ̀,"“Itisahumbling experience to come here and spend time listening to instruction,” Brother Swingle said, adding: “You go away from here much better equipped to magnify Jehovah.”",False,low,short_word,0
74,3.0,2,Aóò borí àwọn àrùn tí ń gbèèràn; ọ̀kọ̀ọ̀kan niaóò ṣẹ́gun wọn,Infectious disease wouldbedefeated; conquest would follow conquest.,False,low,short_word,0
75,,2,"Jọ̀wọ́, jẹ́ kíaṣubú sí ọwọ́ Jèhófà,+ nítorí àánú rẹ̀ pọ̀;+ ṣùgbọ́n má ṣe jẹ́ kí n ṣubú sí ọwọ́ èèyàn",(7) Wọ́n ń fi bíaṣe lè kápá àwọn ìṣòro òde òní hàn.(7) They show how to cope with today’s problems.jw2019,False,low,short_word,0
76,,2,"”Letusfall, please, into the hand of Jehovah,+ for his mercy is great;+ but do not let me fall into the hand of man",(7) Wọ́n ń fi bíaṣe lè kápá àwọn ìṣòro òde òní hàn.(7) They show how to cope with today’s problems.jw2019,False,low,short_word,0
77,3.0,2,"Jọ̀wọ́, jẹ́ kíaṣubú sí ọwọ́ Jèhófà,+ nítorí àánú rẹ̀ pọ̀;+ ṣùgbọ́n má ṣe jẹ́ kí n ṣubú sí ọwọ́ èèyàn","Letusfall, please, into the hand of Jehovah,+ for his mercy is great;+ but do not let me fall into the hand of man.”",False,low,short_word,0
78,,2,(7) Wọ́n ń fi bíaṣe lè kápá àwọn ìṣòro òde òní hàn,(7) They show how to cope with today’s problems.,False,low,short_word,0
79,2.0,2,In the most important area of life —faithfulness to God— Solomon failed,Àwọn ọ̀nà wo la lè gbà mú kí ìwúlò àwọn ẹsẹ Ìwé Mímọ́ táakà ṣe kedere?In what ways canwemake clear the application of scripturesweread?jw2019,False,low,short_word,0
80,,2,"Látàrí èyí, ó kùnà láti máa báanìṣó láti jẹ́ olóòótọ́ sí Ọlọ́run",In the most important area of life —faithfulness to God— Solomon failed.,False,low,short_word,0
81,2.0,2,Àwọn ọ̀nà wo la lè gbà mú kí ìwúlò àwọn ẹsẹ Ìwé Mímọ́ táakà ṣe kedere,In what ways canwemake clear the application of scripturesweread?,False,low,short_word,0
82,,2,"8 Nipasẹ Oluṣọ-agutan kan rẹ̀, Kristi Jesu, Jehofa bá awọn agutan Rẹ̀ tiabọ́ yó dá “majẹmu alaafia” kan",Ṣugbọnaṣe ìdìbò kan; ọkunrin rere kan bori.But an election is held;agood man wins.jw2019,False,low,short_word,0
83,,2,"8 Through his one Shepherd, Christ Jesus, Jehovah concludes with His well-fed sheepa“covenant of peace",Ṣugbọnaṣe ìdìbò kan; ọkunrin rere kan bori.But an election is held;agood man wins.jw2019,False,low,short_word,0
84,2.0,2,"8 Nipasẹ Oluṣọ-agutan kan rẹ̀, Kristi Jesu, Jehofa bá awọn agutan Rẹ̀ tiabọ́ yó dá “majẹmu alaafia” kan","8 Through his one Shepherd, Christ Jesus, Jehovah concludes with His well-fed sheepa“covenant of peace.”",False,low,short_word,0
85,,2,Ṣugbọnaṣe ìdìbò kan; ọkunrin rere kan bori,But an election is held;agood man wins.,False,low,short_word,0
86,3.0,2,Ọmọ-ọwọ naa Mose niagbé pamọ saaarin awọn esusu ni bebe Odo Naili ti ó sì tipa bẹẹ bọ lọwọ ipakupa awọn ọmọ-ọwọ ti ó jẹ ọkunrin ọmọ Isirẹli gẹgẹ biati paṣẹ lati ọwọ Farao ti Ijibiti,The infant Moseswasconcealed among the reeds on the banks of the Nile River and thus escaped the slaughter of Israelite male babiesasordered by Pharaoh of Egypt.,False,low,short_word,0
87,2.0,2,"(1 Sámúẹ́lì 25:41; 2 Àwọn Ọba 3:11) Ẹ̀yin òbí, ǹjẹ́ ẹ máa ń gba àwọn ọmọ yín kékeré àtàwọn tó wà lọ́dọ̀ọ́ níyànjú pé kí wọ́n máa fayọ̀ ṣe iṣẹ́ èyíkéyìí táabá fún wọn ṣe, ì báà jẹ́ ní Gbọ̀ngàn Ìjọba tàbí ní gbọ̀ngàn àpéjọ","“Bíati sanra jọ̀bọ̀tọ̀,ań rìn hẹ́bẹ́hẹ́bẹ́ kiri àgbègbè àárín gbùngbùn àti gúúsù ìlà oòrùn Áfíríkà.“With our distinctive, ponderous waddle,wewander the central and southeastern regions of Africa.jw2019",False,low,short_word,0
88,2.0,2,"(1 Samuel 25:41; 2 Kings 3:11) Parents, do you encourage your children and teenagers to work cheerfully at any assignment that they are given to do, whether at the Kingdom Hall, at an assembly, or ataconvention site","“Bíati sanra jọ̀bọ̀tọ̀,ań rìn hẹ́bẹ́hẹ́bẹ́ kiri àgbègbè àárín gbùngbùn àti gúúsù ìlà oòrùn Áfíríkà.“With our distinctive, ponderous waddle,wewander the central and southeastern regions of Africa.jw2019",False,low,short_word,0
89,,2,"(1 Sámúẹ́lì 25:41; 2 Àwọn Ọba 3:11) Ẹ̀yin òbí, ǹjẹ́ ẹ máa ń gba àwọn ọmọ yín kékeré àtàwọn tó wà lọ́dọ̀ọ́ níyànjú pé kí wọ́n máa fayọ̀ ṣe iṣẹ́ èyíkéyìí táabá fún wọn ṣe, ì báà jẹ́ ní Gbọ̀ngàn Ìjọba tàbí ní gbọ̀ngàn àpéjọ","(1 Samuel 25:41; 2 Kings 3:11) Parents, do you encourage your children and teenagers to work cheerfully at any assignment that they are given to do, whether at the Kingdom Hall, at an assembly, or ataconvention site?",False,low,short_word,0
90,2.0,2,"“Bíati sanra jọ̀bọ̀tọ̀,ań rìn hẹ́bẹ́hẹ́bẹ́ kiri àgbègbè àárín gbùngbùn àti gúúsù ìlà oòrùn Áfíríkà","“With our distinctive, ponderous waddle,wewander the central and southeastern regions of Africa.",False,low,short_word,0
91,,2,"Amáa ń jí lówùúrọ̀ kùtùkùtù,aóò sì fi ohun tẹ̀mí bẹ̀rẹ̀ ọjọ́ náà nípa ṣíṣàyẹ̀wò ẹsẹ Bíbélì ti ọjọ́ náà",14 Kíkọ́ bíaṣe ń ṣiṣẹ́: Iṣẹ́ jẹ́ apá pàtàkì ìgbésí ayé.14 Learning how to work: Work isafundamental aspect of life.jw2019,False,low,short_word,0
92,,2,Wewake up early in the morning and start off our day onaspiritual note by consideringadaily Bible text,14 Kíkọ́ bíaṣe ń ṣiṣẹ́: Iṣẹ́ jẹ́ apá pàtàkì ìgbésí ayé.14 Learning how to work: Work isafundamental aspect of life.jw2019,False,low,short_word,0
93,2.0,2,"Amáa ń jí lówùúrọ̀ kùtùkùtù,aóò sì fi ohun tẹ̀mí bẹ̀rẹ̀ ọjọ́ náà nípa ṣíṣàyẹ̀wò ẹsẹ Bíbélì ti ọjọ́ náà",Wewake up early in the morning and start off our day onaspiritual note by consideringadaily Bible text.,False,low,short_word,0
94,,2,14 Kíkọ́ bíaṣe ń ṣiṣẹ́: Iṣẹ́ jẹ́ apá pàtàkì ìgbésí ayé,14 Learning how to work: Work isafundamental aspect of life.,False,low,short_word,0
95,2.0,2,"Ni imurasilẹ fun kíkí pupọ sii awọn olùfìfẹ́hàn kaabọ si awọn ipade, bi o ti wu ki o ri,afun wa niṣiiri lati pe araawa ẹnikinni keji pẹlu awọn orukọ idile","In preparation for welcoming many more interested ones to our meetings, however,wewere encouraged to refer to one another by family names.",False,low,short_word,0
96,3.0,2,"Bí àpẹẹrẹ, lẹ́yìn tí ìyàwó arákùnrin kan kú tó sì tún láwọn ìṣòro míì tó ń pinni lẹ́mìí, ó sọ pé: “Mo wá mọ̀ péaò lè yan àwọn àdánwò tó máa dé bá wa, bẹ́ẹ̀ náà la ò lè yan àkókò táafẹ́ káwọn àdánwò náà dé tàbí báaṣe fẹ́ kí wọ́n jìnnà síra tó","Nathaniel niatete mú ní isopọ pẹlu ijọ ti ó sunmọtosi julọ, eyi ti ó jinna tó 20 ibusọ.Nathanielwasquickly put in touch with the nearest congregation, some 20 miles [30 km] away.jw2019",False,low,short_word,0
97,3.0,2,"After one brother lost his wife in death andhefaced other painful circumstances,hesaid: “I learned thatwecannot choose our tests, neither their time nor their frequency","Nathaniel niatete mú ní isopọ pẹlu ijọ ti ó sunmọtosi julọ, eyi ti ó jinna tó 20 ibusọ.Nathanielwasquickly put in touch with the nearest congregation, some 20 miles [30 km] away.jw2019",False,low,short_word,0
98,2.0,2,"Bí àpẹẹrẹ, lẹ́yìn tí ìyàwó arákùnrin kan kú tó sì tún láwọn ìṣòro míì tó ń pinni lẹ́mìí, ó sọ pé: “Mo wá mọ̀ péaò lè yan àwọn àdánwò tó máa dé bá wa, bẹ́ẹ̀ náà la ò lè yan àkókò táafẹ́ káwọn àdánwò náà dé tàbí báaṣe fẹ́ kí wọ́n jìnnà síra tó","After one brother lost his wife in death andhefaced other painful circumstances,hesaid: “I learned thatwecannot choose our tests, neither their time nor their frequency.",False,low,short_word,0
99,,2,"Nathaniel niatete mú ní isopọ pẹlu ijọ ti ó sunmọtosi julọ, eyi ti ó jinna tó 20 ibusọ","Nathanielwasquickly put in touch with the nearest congregation, some 20 miles [30 km] away.",False,low,short_word,0
100,2.0,2,"Adúpẹ́ pé ara Inger ti yá,asì tún láǹfààní láti máa pésẹ̀ sí ìpàdé ní Gbọ̀ngàn Ìjọba","Thankfully, Inger has recovered, and once againweare able to attend Christian meetings at the Kingdom Hall.”",False,low,short_word,0
101,2.0,2,Ìwé kan tó ń jẹ́AParent’s Guide to the Teen Years sọ pé: “Èyí lè mú kí wọ́n wà nínú ewu torí pé ojú àwọn ọkùnrin oníṣekúṣe lè bẹ̀rẹ̀ sí í wà lára wọn,"Táabá ń tẹ̀ lé àwọn ìlànà yìí, kò ní jẹ́ kí ẹ̀kọ́ òtítọ́ ṣòro láti lóye fáwọn èèyàn.Ifwefollow this guideline,wewill not make the truth more complicated thanitneeds to be.jw2019",False,low,short_word,0
102,2.0,2,"”“They’re also at risk of attracting the attention of older boys who are more apt to be sexually experienced,” says the bookAParent’s Guide to the Teen Years","Táabá ń tẹ̀ lé àwọn ìlànà yìí, kò ní jẹ́ kí ẹ̀kọ́ òtítọ́ ṣòro láti lóye fáwọn èèyàn.Ifwefollow this guideline,wewill not make the truth more complicated thanitneeds to be.jw2019",False,low,short_word,0
103,,2,Ìwé kan tó ń jẹ́AParent’s Guide to the Teen Years sọ pé: “Èyí lè mú kí wọ́n wà nínú ewu torí pé ojú àwọn ọkùnrin oníṣekúṣe lè bẹ̀rẹ̀ sí í wà lára wọn,"“They’re also at risk of attracting the attention of older boys who are more apt to be sexually experienced,” says the bookAParent’s Guide to the Teen Years.",False,low,short_word,0
104,2.0,2,"Táabá ń tẹ̀ lé àwọn ìlànà yìí, kò ní jẹ́ kí ẹ̀kọ́ òtítọ́ ṣòro láti lóye fáwọn èèyàn","Ifwefollow this guideline,wewill not make the truth more complicated thanitneeds to be.",False,low,short_word,0
105,3.0,2,"Nígbà táabá lo ara wa fún àwọn ẹlòmíràn, kì í ṣe péań ràn wọ́n lọ́wọ́ nìkan ni, àmọ́ àwa fúnra wá tún ń rí ayọ̀ àti ìtẹ́lọ́rùn tó ń sọ ìṣòro wa di èyí tó ṣeé fara dà",12 Esekiẹli niafun ni awọn iran ati ihin-iṣẹ fun oniruuru awọn ète ati awujọ eniyan.12 Ezekiel wasgivenvisions and messages for various purposes and audiences.jw2019,False,low,short_word,0
106,3.0,2,"Whenwegive of ourselves to others, not only dowehelp them butwealso enjoyameasure of happiness and satisfaction that make our own burdens more bearable",12 Esekiẹli niafun ni awọn iran ati ihin-iṣẹ fun oniruuru awọn ète ati awujọ eniyan.12 Ezekiel wasgivenvisions and messages for various purposes and audiences.jw2019,False,low,short_word,0
107,2.0,2,"Nígbà táabá lo ara wa fún àwọn ẹlòmíràn, kì í ṣe péań ràn wọ́n lọ́wọ́ nìkan ni, àmọ́ àwa fúnra wá tún ń rí ayọ̀ àti ìtẹ́lọ́rùn tó ń sọ ìṣòro wa di èyí tó ṣeé fara dà","Whenwegive of ourselves to others, not only dowehelp them butwealso enjoyameasure of happiness and satisfaction that make our own burdens more bearable. —Acts 20:35.",False,low,short_word,0
108,3.0,2,12 Esekiẹli niafun ni awọn iran ati ihin-iṣẹ fun oniruuru awọn ète ati awujọ eniyan,12 Ezekiel wasgivenvisions and messages for various purposes and audiences.,False,low,short_word,0
109,,4,"Adúpẹ́ péati mọ Jèhófà,","We'regrateful to know Jehovah, ourGod,",True,high,html,0
110,,4,Adúpẹ́ pé o kà wá yẹ,Forusto build this place for you.,False,high,html,0
111,,4,"Adúpẹ́, Jáà fún Ọmọ rẹ onífẹ̀ẹ́,","Wethank you, Jehovah, for your loving Son,",True,high,html,0
112,,4,Adúpẹ́ lọ́wọ́ rẹ gan-an ni.”,Wewant to thank you so much.”,False,high,html,0
113,,4,Adúpẹ́ tó o fún wa ní Ọmọ rẹ kan ṣoṣo.,"Weoffer ourthanks, forgivingus your only Son.",False,high,html,0
114,,4,ADúpẹ́ fún Ìràpadà,Gratefulfor the Ransom,False,high,html,0
115,,4,ADúpẹ́ Lọ́wọ́ Rẹ Jèhófà,"WeThank You, Jehovah",True,high,html,0
116,,4,Bọ́lá:Adúpẹ́ pé ara wọn ti ń balẹ̀.,Michelle: I'm glad to hear that.,False,high,html,0
117,,4,Adúpẹ́ pé ìdí rere wà láti ní ìfojúsọ́nà fún rere nípa ọjọ́ ọ̀la.,"Fortunately, there is real reason to be optimistic about the future.",False,high,html,0
118,,4,"Adúpẹ́ pé ẹnikẹ́ni ò fara pa, ọ́fíìsì náà ò sì bà jẹ́.",Therewere no injuries and there was no structural damage to the facility.,False,high,html,0
119,,4,"Àmọ́, adúpẹ́ pé Jèhófà Ọlọ́run kì í wo ohun tí èèyàn jẹ́ lóde nìkan.","Thankfully, Jehovah God looks beyond outward appearance.",True,high,html,0
120,,4,Adúpẹ́ gan-an fún ìfẹ́ ńláǹlà tẹ́ ẹ fi hàn sí wa.'”,Many thanksforyour self-sacrificing love.'”,False,high,html,0
121,,4,"Ẹ sì jẹ́ kíadúpẹ́ pé, Jèhófà ti fi ètò àjọ rẹ̀ ṣamọ̀nà wa.",And let usbethankful that Jehovah has led us by means of his organization.,True,high,html,0
122,,4,"Adúpẹ́ gan-an péawà láàyè, ibẹ̀ la wà títí ogun fi parí.","Grateful to be alive, wespent the remainder of the war there.",False,high,html,0
123,,4,"ADúpẹ́, Jèhófà","WeThank You, Jehovah",True,high,html,0
124,,4,Adúpẹ́ lọ́wọ́ àwọn aláṣẹ fún ànfààní yìí.,We aregrateful to the authorities for granting this permission.,False,high,html,0
125,,4,"+ 13 Ní báyìí, Ọlọ́run wa, adúpẹ́ lọ́wọ́ rẹ, asì yin orúkọ rẹ ológo.","+ 13 And now, O our God, wethank you and praise your beautiful name.",False,high,html,0
126,,4,"Lọ́pọ̀ ìgbà, ọ̀rọ̀ ṣókí náà, “adúpẹ́,” niakì í sọ.",Often even the simple word “thanks”goesunsaid.,False,high,html,0
127,,4,"Àmọ́, adúpẹ́ pé Ẹlẹ́dàá wa onífẹ̀ẹ́ máa ń dárí jini.",Butwe canbe thankful that our loving Maker is forgiving.,False,high,html,0
128,,4,14Adúpẹ́ gan-an o fún iṣẹ́ olùkọ́ tí àwọn olùṣọ́ àgùntàn inú ìjọ ń ṣe!,14 How thankfulwecan be for the teaching done by Christian shepherds!,False,high,html,0
129,,4,Olú:Adúpẹ́ o. Ẹ káàbọ̀.,Alejandro: It's good to see you too.,False,high,html,0
130,,4,Adúpẹ́ fún àlàyé náà.—Olùyẹ̀wòṣàtúnṣe.,Thanksforthe clarification.—ED.,False,high,html,0
131,,4,"Jèhófà Baba wa, adúpẹ́ púpọ̀","Jehovah, our Father, wewant to express",True,high,html,0
132,,4,"Nítorí náà, adúpẹ́ pé Jèhófà máa ń fẹ́ láti dárí àwọn ẹ̀ṣẹ̀ wa jì wá.",Sowethank him that he shows a willingness to forgive our failings.,False,high,html,0
133,,4,"Adúpẹ́ pé, kò sí èyíkéyìí nínú àwọn Kristẹni arákùnrin àti arábìnrin wa tíapa.","Thankfully, none of our Christian brothers or sisterswerekilled.",False,high,html,0
134,6.0,5,À bá tilò ó,We would haveused it,False,high,html,0
135,6.0,5,"Bí ó bá ń kẹ́sẹ járí ni,à bá tilò ó.”","If it did, we would haveused it.”",False,high,html,0
136,6.0,5,"Ká lá a fẹ́ gbé owó yẹn lọ ni,à bá tigbé e lọ.”","Ifwehad wanted the money, we would havekept it.”",False,high,html,0
137,6.0,5,"Àmọ́ ṣáá o, ká sọ pé ko sí ìrànlọ́wọ́ mìíràn lárọ̀ọ́wọ́tó fún àwọn òbí wa ni,à bá tipadà sílé.","Of course, if no other help had been available to our parents, we would havereturned home.",False,high,html,0
138,6.0,5,"Ká ní orúkọ obìnrin náà tàbí orúkọ ìlú rẹ̀ yàtọ̀ sí ti arábìnrin wa ni,à bá timọ̀ pé òun kọ́ lẹni tá à ń wá.”","If the woman had had a different last name or hometown, we would haveknown that she was the wrong person.”",False,high,html,0
139,6.0,5,"Bí kìí bá ṣe ọpẹ́lọpẹ́ àwọn Ẹlẹ́rìí láti Ateni àti àgbègbè Piraeus tí wọ́n pèsè oúnjẹ fún wa láti inú ìpèsè tí àwọn náà ń gínjẹ,à bá tikú.”","If it had not been for the Witnesses from the Athens and Piraeus areas who provided us food from their depleted means, we would havedied.”",False,high,html,0
140,,5,"Bi o tilẹ jẹ peà bá tipa wọn fun ẹṣẹ wọn, Ọlọrun ṣaanu fun wọn.","Though they couldhave beenputtodeath for their sins, God had mercy on them.",False,high,html,0
141,,5,"1, 2. (a) Báwo nià bá tidènà ọ̀pọ̀ àṣìṣe aráyé?","1, 2. (a) How might manyofmankind'smistakes havebeen prevented?",False,high,html,0
142,,5,"À bá tidà bíi Sódómù gẹ́lẹ́,","We should havebecome just like Sodʹom,",False,high,html,0
143,,5,"Wọ́n bi araawọn léèrè pé, 'Kí nià bá tiṣe láti dènà èyí?'","They ask themselves, 'What couldwe havedone to prevent it?'",False,high,html,0
144,,5,"À bá tijẹ́ kí òdìkejì* Jọ́dánì tẹ́ wa lọ́rùn, ká sì dúró síbẹ̀!",If only we hadbeen satisfied to remain on the other side* of the Jordan!,False,high,html,0
145,,5,Báwo ni Jésù ṣe fi hàn pé Òfin Mósè nià bá tifi òye àti àánú lò?,How did Jesus demonstrate that the Mosaic Lawshould havebeenapplied withreasonableness and mercy?,False,high,html,0
146,,5,"Kò tíì ju ọdún kan tá a débí, tá a bá ti mọ̀ ni,à bá tiwá ibí tipẹ́.","We've been here for a year, andwe'resorry we didn'tcomeearlier.",False,high,html,0
147,,5,"Kí a sọ pé olè aláìronúpìwàdà ni ó jẹ́ ni,à bá tilé e kúrò nínú ìjọ Kristian mímọ́.","Had he been an unrepentant thief, hewould have beenexpelled from the clean Christian congregation.",False,high,html,0
148,,5,"(Jẹ́nẹ́sísì 2:16, 17) Bí Ádámù bá ti yàn láti ṣègbọràn,à bá tibù kún fún àwọn òbí wa àkọ́kọ́.","(Genesis 2:16, 17) If Adam had chosen to obey, ourfirst parentswould havebeen blessed.",False,high,html,0
149,,5,11 Eyikeyii ninu awọn ọmọlẹhin Jesu nià bá tihá mọ́ inu àjàgà ẹrú bi wọn bá ti juwọsilẹ fun Ofin.,11 Any of Jesus' followers wouldhave beenconfined in a yoke of slavery if they had submitted to the Law.,False,high,html,0
150,,5,"10 Tí kì í bá ṣe pé a fi falẹ̀ ni,à bá tilọ ibẹ̀ lẹ́ẹ̀mejì ká sì ti dé báyìí.”","10 But if we had not delayed, we could have beenthere and back twice by now.”",False,high,html,0
151,,5,Àmọ́à bá tiṣàtúnṣe sáwọn ojú ìwòye aláṣerégèé yìí láìjẹ́ pé a kọ ìrètí tòótọ́ tó wà nínú Ìṣàkóso Ẹgbẹ̀rúndún sílẹ̀.,Buttheseextremist viewscould havebeen corrected without rejecting the true hope of the Millennium.,False,high,html,0
152,,5,"Síwájú sí i, Ágírípà wí fún Fẹ́sítọ́ọ̀sì pé: 'À bá titú ọkùnrin yìí sílẹ̀ ká ní kò ké gbàjarè sí Késárì.'”","Moreover, Agrippa said to Festus: 'Thismancould have beenreleasedifhe had not appealed to Caesar.'”",False,high,html,0
153,,5,"Ju bẹẹ lọ, iru awọn ibeere gẹgẹ bi iwọnyi nià bá tifi silẹ laidahun: aṣiṣe ta ni o jẹ pe Adamu ati Efa dẹṣẹ?","Moreover, such questions as thesewould have beenleft unanswered: Whose fault was it that Adam and Eve sinned?",False,high,html,0
154,,5,"Láìṣẹ̀ṣẹ̀ máa sọ, gẹ́gẹ́ bíi míṣọ́nnárì tuntun,à bá tigba ìmọ̀ràn tí àwọn Ẹlẹ́rìí tó jẹ́ ọmọ onílẹ̀ fún wa.","Needless to say, as new missionaries, we should haveheeded the advice of experienced local Witnesses.",False,high,html,0
155,,5,Nítorí náà ni Àgírípà fi wí fún Fẹ́sítọ́ọ̀sì pé: “À bá titú ọkùnrin yìí sílẹ̀ ká ní kò ké gbàjarè sí Késárì.”—Ìṣe 26:30-32.,That is why Agrippa said to Festus: “Thismancould have beenreleasedifhe had not appealed to Caesar.”—Acts 26:30-32.,False,high,html,0
156,,5,"Ní àkókò yíyẹ lójú Ọlọrun, gbogbo ilẹ̀-ayé pátá nià bá tiṣèkáwọ́ rẹ̀, kí a sì sọ ọ́ di paradise yíká ilẹ̀-ayé kan nípasẹ̀ Adamu àti àwọn àtọmọdọ́mọ pípé rẹ̀. —Genesisi 1:28; 2:8, 9.","In God's due time, the whole earthwould havebeen subdued, made a global paradise by Adam and his perfect descendants. —Genesis 1:28; 2:8, 9.",False,high,html,0
157,,5,"“Bi ọ̀kan ninu awọn eniyan wọnyi bá ti fi irohin iṣẹlẹ naa tó awọn ọlọpaa létí ní gbàrà ti wọn gbọ́ igbe rẹ̀ ni,” ni olùṣèwádìí kan sọ, “à bá tigba ẹmi rẹ̀ là.”","“If one of these people had reported the incident to the police as soon as they heard her scream,” said an investigator, “her lifecould havebeen saved.”",False,high,html,0
158,,5,À básìtijọ Gòmórà.,Andwe should haveresembled Go·morʹrah.,False,high,html,0
159,,5,13 Láti ara Ísírẹ́lì àbínibí nìkan nià bá tiyan ẹ̀kúnrẹ́rẹ́ iye àwọn tí yóò bá Mèsáyà náà jọba nínú Ìjọba rẹ̀ ọ̀run gẹ́gẹ́ bí ìjọba àwọn àlùfáà àti orílẹ̀-èdè mímọ́.,13 Natural Israel couldhavesupplied the full number of those who would share with the Messiah in his heavenly Kingdom as a kingdom of priests and a holy nation.,False,high,html,0
160,8.0,7,A óòbá ọ lọ sọ́dọ̀ àwọn èèyàn rẹ.',We willgo with you to your people.',False,high,html,0
161,8.0,7,Èyí kò wá túmọ̀ sí péa óòmáa fagbára mú àwọn tí kò bá fìfẹ́ hàn.,This does not mean thatwe willtry to force it on those who show no interest.,False,high,html,0
162,8.0,7,A óòmáa fi gbogbo ọkàn wa gbẹ́kẹ̀ lé Jèhófà ní gbogbo ìgbà.,We willtrust in Jehovah at all times and with our whole heart.,True,high,html,0
163,8.0,7,A ÓòMáa Rìn Ní Orúkọ Jèhófà Títí Láé!,We WillWalk in Jehovah's Name Forever!,True,high,html,0
164,,7,A óòborí àwọn àrùn tí ń gbèèràn; ọ̀kọ̀ọ̀kan nia óòṣẹ́gun wọn.,Infectious diseasewould bedefeated; conquestwould followconquest.,False,high,html,0
165,,7,"Fi àwọn ìwé àdìpọ̀ tí ó wà lọ́wọ́, tía óòfi lọni ní oṣù January hàn.",Show older books published before 1985 thatareavailable for the January literatureoffer.,False,high,html,0
166,,7,“A óòké àwọn olùṣe búburú kúrò...,“Evildoersthemselves will becut off...,False,high,html,0
167,,7,5A óòní “púpọ̀ rẹpẹtẹ lati ṣe” ní October.,5There will be“plenty to do” during April and May.,False,high,html,0
168,,7,"Lẹ́yìn èyí, a óòmáa pè ọ́ ní Ìlú Ńlá Òdodo, Ìlú Ìṣòtítọ́.","After this youwill becalled City of Righteousness, Faithful Town.",False,high,html,0
169,,7,"Bía óòsì ti rí i, o lè rí ààbò tòótọ́ láàárín àwọn ènìyàn Ọlọrun.","And aswe shallsee, you can find true security among God's people.",False,high,html,0
170,,7,(b) Ìṣòro mìíràn wo ni Pétérù jíròrò tía óògbé yẹ̀ wò tẹ̀ lé e?,(b) What further problem does Peterdiscussthatwillbe considered next?,False,high,html,0
171,,7,"Ẹran Ìrékọjá náà nia óòpa, tía óòsì fi iná yan fún wákàtí mélòó kan.",The Passover animalwould beslaughtered androastedfor several hours.,False,high,html,0
172,,7,"Jèhófà wá polongo ìdájọ rẹ̀ lórí wọn, ó ní: “Ísírẹ́lì nia óògbé mì gbìnrín.”","Jehovah declares his judgment, saying: “Israelmust be swalloweddown.”",True,high,html,0
173,,7,"ÀTÚNYẸ̀WÒ ALÁKỌSÍLẸ̀:A óòmáa ṣe àtúnyẹ̀wò alákọsílẹ̀, láti ìgbà-dé-ìgbà.",WRITTENREVIEW: Periodically a written reviewwillbe given.,False,high,html,0
174,,7,"Ayọ̀ ńláǹlà àti ayọ̀ yíyọ̀ pàápàá nia óòrí nínú rẹ̀, ìdúpẹ́ àti ohùn orin atunilára.”","Exultation and rejoicing themselveswill befound in her, thanksgiving and the voice of melody.”",False,high,html,0
175,,7,"Mọ̀ dájú pé, ìwọ yóò gbádùn ohun tía óòrí.",Be assured that youwillenjoy whatwefind.,False,high,html,0
176,,7,A óòsọ̀rọ̀ lórí èyí nínú àpilẹ̀kọ tí ó kàn.,Thiswill bedealt with in the next article.,False,high,html,0
177,,7,"Tá a bá wò ó dáadáa, a óòrí i pé Jónátánì ò jayò pa tó bá ṣèlara.","In a sense, he had reason to be envious.",False,high,html,0
178,,7,3: Àwọn Wo NiA ÓòJí Dìde?,3: WhoWill BeResurrected?,False,high,html,0
179,,7,(b) Kí nia óògbé yẹ̀ wò nísinsìnyí?,(b) Whatwill wenow examine?,False,high,html,0
180,,7,(b) Kí nia óògbé yẹ̀ wò nínú ọ̀rọ̀ ẹ̀kọ́ tí ó tẹ̀ lé e?,(b)Whatwill beconsidered in the next article?,False,high,html,0
181,,7,"Lọ́nà kan, a gbọ́dọ̀ pinnu péa óòmáa jẹ́ oníwà rere nìṣó.","For one thing, we mustbe determinedto remain morally clean.",False,high,html,0
182,,7,Kí nia óògbé yẹ̀wò nínú ọ̀rọ̀-ẹ̀kọ́ tí ó tẹ̀lé e?,Whatwill beconsidered in the following article?,False,high,html,0
183,,7,(Matteu 10:32-39) Paulu kọ̀wé pé: “Nitori 'olúkúlùkù ẹni tí ń ké pe orúkọ Jehofa nia óògbàlà.',(Matthew 10:32-39) Paul wrote: “For 'everyone who calls on the name of Jehovahwill besaved.',True,high,html,0
184,,7,(b) Àwọn ìbéèrè wo nípa ìran yìí nia óògbé yẹ̀wò?,(b) What questions regarding this vision arewe goingto consider?,False,high,html,0
185,10.0,8,"Lẹ́yìn náà, a tailé ńlá wa, a sì ra ilé kékeré kan ní Denver, Colorado.","Thenwe soldour luxurious house and bought a small one in Denver, Colorado.",False,high,html,0
186,,8,"19, 20. (a)Tani Irú Ọmọ tí Ọlọ́run ṣèlérí?","19, 20.(a)Whois the promised Seed?",False,high,html,0
187,,8,5. (a)Tani áńgẹ́lì náà ń lò láti polongo ìṣubú Bábílónì Ńlá?,5. (a)Whomdoes the angel use in heralding the fall of Babylon the Great?,False,high,html,0
188,,8,Bíbélì fúnra rẹ̀ ṣàlàyé pé: “A ta” àkójọ Òfin náà “látaré nípasẹ̀ àwọn áńgẹ́lì.”,The Bible itself explains:TheLaw code “was transmitted through angels.”,True,high,html,0
189,,8,"11, 12. (a)Tani Arákùnrin Russell gbé ògo àṣeyọrí ẹ̀kọ́ tó ń kọ́ni fún?","11, 12. (a) Towhomdid Brother Russell give credit for what he taught?",False,high,html,0
190,,8,8. (a)Tanialè fi wé Senakéríbù lóde òní?,8.(a)Whotoday canbecompared to Sennacherib?,False,high,html,0
191,,8,"4, 5. (a)Tani “oluṣọ-agutan rere” naa, bawo sì ni asọtẹlẹ ṣe tọka sí i?","4, 5. (a)Whois “the fine shepherd,” and how did prophecy point to him?",False,high,html,0
192,,8,6. (a)Tani awọn wundia mẹwaa naa ṣapẹẹrẹ rẹ̀?,6.(a)Whomdid the ten virgins picture?,False,high,html,0
193,,8,"Ṣùgbọ́n, bí àtikú Jobu ṣe ń súnmọ́lé, a taá lólobó nípa ìmúpadàbọ̀sípò kan.","As Job's soul drew close to death, however, there wasa hint of restoration.",False,high,html,0
194,,8,"2, 3. (a)Tani Jèhófà na ọwọ́ rẹ̀ lòdì sí láyé àtijọ́?","2, 3. (a) In ancient times, againstwhomdoes Jehovah stretch out his hand?",True,high,html,0
195,,8,"18, 19. (a)Tani Ẹni yiyẹ naa ti a nilati fi ìyìn iṣẹda iwalaaye fun?","18, 19. (a)Whois the rightful One to be credited with originating life?",False,high,html,0
196,,8,22. (a)Talẹni tó dé adé wúrà tó sì jókòó lórí àwọsánmà funfun?,22. (a)Whois the one wearing a golden crown and seated upon the white cloud?,False,high,html,0
197,,8,Itan àròsọ ìkún-omi awọn ara Babiloni nia talatare lati ọwọ iran kan si omiran,The Babylonian flood legendswere passed onfrom one generation to another,False,high,html,0
198,,8,"5. (a)Tani àwọn séráfù, kí sì ni gbólóhùn náà túmọ̀ sí?","5. (a)Whoare the seraphs, and what does the term mean?",False,high,html,0
199,,8,"2. (a)Taló dá ètò ìgbéyàwó sílẹ̀, fún ète wo sì ni?","2. (a)Whoinstituted the marital arrangement, and for what purpose?",False,high,html,0
200,,8,3. (a)Taló ṣí Ẹlẹ́dàá payá fún wa?,3. (a)Whohas revealed the Creator to us?,False,high,html,0
201,,8,7. (a)Tani Jèhófà fa iṣẹ́ títọ́ àwọn ọmọ lé lọ́wọ́?,7. (a)To whomhas Jehovah assigned the responsibility of raising children?,True,high,html,0
202,,8,"7, 8. (a)Taní dìde ní ipò Ọ̀gọ́sítọ́sì gẹ́gẹ́ bí ọba àríwá?","7, 8. (a)Whostood up in Augustus' position as the king of the north?",False,high,html,0
203,,8,"15-17. (a)Tani ó padanu “ẹ̀tọ́ lọna ofin” si ijọba Dafidi, bawo sì ni?","15-17.(a)Wholost the “legal right” to David's kingdom, and how?",False,high,html,0
204,,8,4. (a)Tani ọlọrun ayé yìí?,4. (a)Whois the god of this world?,False,high,html,0
205,,8,"1, 2. (a)Taló ta yọ jù lọ nínú àwọn ẹlẹ́rìí fún Jèhófà?","1, 2.(a)Whois the most outstanding witness of Jehovah?",True,high,html,0
206,,8,11. (a)Tani yóò “lè dúró lábẹ́” “ọjọ́ Jèhófà” tí ń bọ̀?,11. (a)Whowill “hold up under” the upcoming “day of Jehovah”?,True,high,html,0
207,,8,"10. (a)Tani olùràpadà ní láti bá dọ́gba, kí sì nìdí rẹ̀?","10. (a) Towhomdid the ransomer have to correspond, and why?",False,high,html,0
208,,8,3. (a)Tani “áńgẹ́lì alágbára” náà?,3. (a)Whois the “strong angel”?,False,high,html,0
209,,8,Awọn aṣọna naa tẹ ago tia taokun rẹ̀ mọ inu ile àgbérìn naa.,The guard pressed a switch thatwasconnected bycableto an alarm in the trailer.,False,high,html,0
210,13.0,9,"Irú ọ̀rọ̀ bẹ́ẹ̀ lè jẹ́ àsọdùn lásán, ọmọ rẹ náàásì mọ̀ bẹ́ẹ̀.","After all, theyare likely to be exaggerations, and your child knows it.",False,high,html,0
211,13.0,9,+ Yóò gbẹ débi pé kò ní nílò ọwọ́ tó lágbára tàbí ọ̀pọ̀ èèyàn kí wọ́n tó lè fàátu tegbòtegbò.,+ It will become so dry that neither a strong arm nor many people will be needed topull itup by the roots.,False,high,html,0
212,13.0,9,Àlá yìí dàáláàmú gan-an débi pé kò lè sùn.,It bothered him so much thathecould not sleep.,False,high,html,0
213,13.0,9,"Irú ọ̀rọ̀ bẹ́ẹ̀ lè jẹ́ àsọdùn lásán, ọmọ rẹ náàásì mọ̀ bẹ́ẹ̀","After all,theyare likely to be exaggerations, and your child knows it.",False,low,short_word,0
214,13.0,9,+ Yóò gbẹ débi pé kò ní nílò ọwọ́ tó lágbára tàbí ọ̀pọ̀ èèyàn kí wọ́n tó lè fàátu tegbòtegbò,+ It will become so dry that neither a strong arm nor many people will be needed topull itup by the roots.,False,low,short_word,0
215,13.0,9,"Ọ̀pọ̀ tí ó wà ní ipò Jonatani ì bá ti jowú Dafidi, ní kíkàásí abánidíje",Àlá yìí dàáláàmú gan-an débi pé kò lè sùn.It bothered him so much thathecould not sleep.jw2019,False,low,short_word,0
216,13.0,9,Àlá yìí dàáláàmú gan-an débi pé kò lè sùn,It bothered him so much thathecould not sleep.,False,low,short_word,0
217,11.0,9,Mo wá ní kó gbàyè ọjọ́ díẹ̀ níbi iṣẹ́ kó lè kàáparí.,So I suggested thathetake a few days off to complete his reading.,False,high,html,0
218,11.0,9,"Nígbà tí Rèbékà gbọ́, ẹ̀rù bàágidigidi.","When Re·bekʹah heard about this, shewas very worried.",False,high,html,0
219,11.0,9,"Níbẹ̀, wọ́nákọ́ láti máa lo Bíbélì àtàwọn ìwé tó dá lórí Bíbélì, wọ́násì máa fi ojú tó tọ́ wò wọ́n.","There, theylearn to use and respect the Bible and Bible-based literature.",True,high,html,0
220,11.0,9,"Bíbélì kìlọ̀ pé: “Bí [ẹlẹ́tàn] tilẹ̀ mú ohùn rẹ̀ kún fún oore ọ̀fẹ́, má gbàágbọ́.”—Òwe 26:24, 25.","“Although [the deceptive talker] makes his voice gracious,” the Bible warns, “do not believe inhim.” —Proverbs 26:24, 25.",True,high,html,0
221,11.0,9,"Láìjáfara, wọ́nápèsè oúnjẹ, omi, ibi tó ṣeé gbé àti ìtọ́jú tó yẹ. Wọ́nátù wọ́n nínú, wọ́násì tún bójú tó àìní tẹ̀mí wọ́n","Food, water, shelter, medical care, and emotionalandspiritual support are provided as soon as possible",False,high,html,0
222,11.0,9,"+ Tí Sọ́ọ̀lù bá sì rí ọkùnrin èyíkéyìí tó lágbára tàbí tó láyà,ágbàásíṣẹ́ ogun.","+ When Saul saw any strong or courageous man, hewould recruit him into his service.",False,high,html,0
223,11.0,9,"(Lúùkù 21:37, 38; Jòhánù 5:17) Kò síyè méjì pé wọ́náti fojú ara wọn rí i pé ìfẹ́ jíjinlẹ̀ tó ní sáwọn èèyàn ló mú kó máa fẹ́ wàásù fún wọn.","(Luke 21:37, 38; John 5:17)Theyno doubt sensed thathewas motivated by deep-rooted love for people.",False,high,html,0
224,11.0,9,"Kódà ní orílẹ̀-èdè tó kéré bí Netherlands, tí àwọn èèyàn ibẹ̀ jẹ́ nǹkan bíi mílíọ̀nù mẹ́ẹ̀ẹ́dógún, tó bá fi máa di January 1, 2002,ápé ọdún mẹ́ta gbáko tí àwọn ilé iṣẹ́ tó ń ṣe owó níbẹ̀ ti wà lẹ́nu ṣíṣe nǹkan bíi bílíọ̀nù mẹ́ta owó wẹ́wẹ́ àti ogún ó dín ní irínwó mílíọ̀nù owó bébà.","Even in a small country like the Netherlands, with some 15 million inhabitants, coining and printingpresses willbe running for three years straight to produce 2.8 billion coins and 380 million bank notes by January 1, 2002.",False,high,html,0
225,11.0,9,"Kó tó di ìgbà ìpàdé ìrọ̀lẹ́ ọjọ́ Tuesday yẹn, alábòójútó àyíká àti olùṣekòkáárí ìgbìmọ̀ àwọn alàgbà tàbí alàgbà mí ìápàdé láti jíròrò ìbéèrè èyíkéyìí tó ní lẹ́yìn tó ti ṣe àyẹ̀wò àwọn àkọsílẹ̀ náà.","Sometime before the Tuesday evening meeting, the circuit overseer meets with the coordinator or another local elder to discuss any questionshehas as a result of reviewing the records.",True,high,html,0
226,11.0,9,"Tá a bá ń “gbàdúrà láìdabọ̀,” èyíáfi hàn pé ìgbàgbọ́ wa jinlẹ̀ lóòótọ́.—1 Tẹsalóníkà 5:17.",To “pray constantly” in this way shows we have genuine faith. —1 Thessalonians 5:17.,False,high,html,0
227,,9,Kí ló fàátí ìwà ìbàjẹ́ kò fi tíì kásẹ̀ nílẹ̀?,Whydoes corruption persist?,False,high,html,0
228,13.0,9,7. (a) Báwo ni ìṣọ̀kan ìjọsìnáṣe gbòòrò tó lẹ́yìn-ọ̀-rẹyìn?,7. (a) To what extentwillunity of worship eventually be achieved?,False,high,html,0
229,11.0,9,A gbàáládùúrà pé kíwọ àtàwọn ìdílé ẹ wà lára àwọn tó máa gbádùn àwọn ìbùkún ayérayé tí Ìjọba Ọlọ́run máa mú wá.,May you and your family be among those who will reap the everlasting benefits that God's Kingdom will bring.,False,high,html,0
230,13.0,9,"7 Tá a bá ní ìtòlẹ́sẹẹsẹ tó jíire fún àwọn nǹkan tẹ̀mí, ìyẹnájẹ́ ká máa rí ọ̀pọ̀ ohun tó ń gbéni ró sọ.",7 Having a good spiritual routine provides uswithplenty of topics for upbuilding conversations.,False,high,html,0
231,11.0,9,"Ọ̀nà jíjìn ni púpọ̀ lára àwọn tó di onígbàgbọ́ ti wá sí Jerúsálẹ́mù, wọn ò sì ní oúnjẹ tó pọ̀ tó èyí tí wọ́náfi lè dúró pẹ́ níbẹ̀.",Many who became believers had come from faraway places and were without enough provisionsto extendtheir stay in Jerusalem.,False,high,html,0
232,,9,Báwo la ṣe lè fi hàn pé a fẹ́ràn Jèhófà?— Ohun àkọ́kọ́ ni pé kíámọ Jèhófà dáadáa pé ó jẹ́ Ọ̀rẹ́ wa.,How can we show that we love Jehovah?— One way is by getting to knowhimas a Friend.,True,high,html,0
233,13.0,9,"Ọ̀pọ̀ tí ó wà ní ipò Jonatani ì bá ti jowú Dafidi, ní kíkàásí abánidíje.","Many in Jonathan's position would have been jealous of David, viewinghim asa rival.",False,high,html,0
234,11.0,9,"Ìgbà náà ni wọ́nárí ogún wọn ti orí ilẹ̀ ayé gbà, 'ìjọba tí a ti pèsè sílẹ̀ fún wọn láti ìgbà pípilẹ̀ ayé.'","Thentheywill enter into their earthly inheritance, 'the kingdom prepared for them from the founding of the world.'",False,high,html,0
235,11.0,9,"(10) Kí ni àwọn oníṣègùn tí iye wọn túbọ̀ ń pọ̀ sí i ti ń múra tán láti ṣe báyìí fún àwọn Ẹlẹ́rìí Jèhófà, kí ló sì ṣeé ṣe kó wá di ìlànà ìtọ́jú tí wọ́námáa lò fún gbogbo aláìsàn bí àkókò ti ń lọ?","(10) What are a growing number of physicians willing to do for Jehovah's Witnesses, and what may eventually become the standard of care for all patients?",True,high,html,0
236,11.0,9,Bí ara bá sì ṣe ń gbìyànjú láti mú kèrékèré yìí padà sípò ni àwọn ìṣòro pẹ́ẹ́pẹ̀ẹ̀pẹ́ mìírànámáa yọjú.,Pathological changes occur as the body attempts to repair thedamagedcartilage.,False,high,html,0
237,11.0,9,"Olórí ohun tó sì fàáni ipò tó bá Bíbélì mu táwọn Ẹlẹ́rìí dì mú lórí àwọn ọ̀ràn bí ìfàjẹ̀sínilára, àìdásí-tọ̀túntòsì, sìgá mímu, àti ìwà rere.","This is mainly because of the Witnesses' Bible-based position on such matters as blood transfusions, neutrality, smoking, and morals.",True,high,html,0
238,11.0,9,"12 Àmọ́ ìdààmú bá Sekaráyà nítorí ohun tó rí, ẹ̀rù sì bàágidigidi.","12 But Zech·a·riʹah became troubled at the sight, andhewas overcome with fear.",False,high,html,0
239,11.0,9,"Wọ́n tún fi kún un pé: “Àjọṣe téèyàn fi ayọ̀ bẹ̀rẹ̀, tí ọkàn èèyàn sì balẹ̀ pé nǹkanáyọrí sí dáadáa,áwá di èyí tó ń fayé súni tó sì ń kó ẹ̀dùn ọkàn báni gidigidi.”",Theyadd: “What starts out as a relationship of great joy and promise can become the most frustrating and painful endeavor in a person's lifetime.”,False,high,html,0
240,11.0,9,"Wọ́námáa yọ̀ gidigidi, inú wọnásì máa dùn,","Exultation and rejoicingwill betheirs,",False,high,html,0
241,11.0,9,"Lọ́jọ́ kan, gbogbo àwọn tó ń gbé láyé yóò di tẹ̀gbọ́n tàbúrò, tí gbogbo wọnámáa fi ìṣọ̀kan jọ́sìn Ọlọ́run tòótọ́ àti Baba gbogbo wa.","Someday all who live on earth will be brothers and sisters, united in worship of the true God and Father of all.",False,high,html,0
242,11.0,9,Mo wá ní kó gbàyè ọjọ́ díẹ̀ níbi iṣẹ́ kó lè kàáparí,So I suggested thathetake a few days off to complete his reading.,False,low,short_word,0
243,11.0,9,"Nígbà tí Rèbékà gbọ́, ẹ̀rù bàágidigidi","When Re·bekʹah heard about this,shewas very worried.",False,low,short_word,0
244,11.0,9,+ Yóò gbẹ débi pé kò ní nílò ọwọ́ tó lágbára tàbí ọ̀pọ̀ èèyàn kí wọ́n tó lè fàátu tegbòtegbò,"Níbẹ̀, wọ́nákọ́ láti máa lo Bíbélì àtàwọn ìwé tó dá lórí Bíbélì, wọ́násì máa fi ojú tó tọ́ wò wọ́n.There,theylearn to use and respect the Bible and Bible-based literature.jw2019",False,low,short_word,0
245,11.0,9,"Níbẹ̀, wọ́nákọ́ láti máa lo Bíbélì àtàwọn ìwé tó dá lórí Bíbélì, wọ́násì máa fi ojú tó tọ́ wò wọ́n","There,theylearn to use and respect the Bible and Bible-based literature.",False,low,short_word,0
246,11.0,9,"Bíbélì kìlọ̀ pé: “Bí [ẹlẹ́tàn] tilẹ̀ mú ohùn rẹ̀ kún fún oore ọ̀fẹ́, má gbàágbọ́","“Although [the deceptive talker] makes his voice gracious,” the Bible warns, “do not believe inhim.” —Proverbs 26:24, 25.",False,low,short_word,0
247,11.0,9,"Wọ́nátù wọ́n nínú, wọ́násì tún bójú tó àìní tẹ̀mí wọ́nFood, water, shelter, medical care, and emotionalandspiritual support are provided as soon as possiblejw2019","+ Tí Sọ́ọ̀lù bá sì rí ọkùnrin èyíkéyìí tó lágbára tàbí tó láyà,ágbàásíṣẹ́ ogun.+ When Saul saw any strong or courageous man,hewould recruit him into his service.jw2019",False,low,short_word,0
248,11.0,9,"Láìjáfara, wọ́nápèsè oúnjẹ, omi, ibi tó ṣeé gbé àti ìtọ́jú tó yẹ","Food, water, shelter, medical care, and emotionalandspiritual support are provided as soon as possible",False,low,short_word,0
249,11.0,9,"Wọ́nátù wọ́n nínú, wọ́násì tún bójú tó àìní tẹ̀mí wọ́n","Food, water, shelter, medical care, and emotionalandspiritual support are provided as soon as possible",False,low,short_word,0
250,11.0,9,"+ Tí Sọ́ọ̀lù bá sì rí ọkùnrin èyíkéyìí tó lágbára tàbí tó láyà,ágbàásíṣẹ́ ogun","+ When Saul saw any strong or courageous man,hewould recruit him into his service.",False,low,short_word,0
251,11.0,9,"(Lúùkù 21:37, 38; Jòhánù 5:17) Kò síyè méjì pé wọ́náti fojú ara wọn rí i pé ìfẹ́ jíjinlẹ̀ tó ní sáwọn èèyàn ló mú kó máa fẹ́ wàásù fún wọn","(Luke 21:37, 38; John 5:17)Theyno doubt sensed thathewas motivated by deep-rooted love for people.",False,low,short_word,0
252,11.0,9,"Kódà ní orílẹ̀-èdè tó kéré bí Netherlands, tí àwọn èèyàn ibẹ̀ jẹ́ nǹkan bíi mílíọ̀nù mẹ́ẹ̀ẹ́dógún, tó bá fi máa di January 1, 2002,ápé ọdún mẹ́ta gbáko tí àwọn ilé iṣẹ́ tó ń ṣe owó níbẹ̀ ti wà lẹ́nu ṣíṣe nǹkan bíi bílíọ̀nù mẹ́ta owó wẹ́wẹ́ àti ogún ó dín ní irínwó mílíọ̀nù owó bébà","Kó tó di ìgbà ìpàdé ìrọ̀lẹ́ ọjọ́ Tuesday yẹn, alábòójútó àyíká àti olùṣekòkáárí ìgbìmọ̀ àwọn alàgbà tàbí alàgbà mí ìápàdé láti jíròrò ìbéèrè èyíkéyìí tó ní lẹ́yìn tó ti ṣe àyẹ̀wò àwọn àkọsílẹ̀ náà.Sometime before the Tuesday evening meeting, the circuit overseer meets with the coordinator or another local elder to discuss any questionshehas as a result of reviewing the records.jw2019",False,low,short_word,0
253,11.0,9,"Kódà ní orílẹ̀-èdè tó kéré bí Netherlands, tí àwọn èèyàn ibẹ̀ jẹ́ nǹkan bíi mílíọ̀nù mẹ́ẹ̀ẹ́dógún, tó bá fi máa di January 1, 2002,ápé ọdún mẹ́ta gbáko tí àwọn ilé iṣẹ́ tó ń ṣe owó níbẹ̀ ti wà lẹ́nu ṣíṣe nǹkan bíi bílíọ̀nù mẹ́ta owó wẹ́wẹ́ àti ogún ó dín ní irínwó mílíọ̀nù owó bébà","Even in a small country like the Netherlands, with some 15 million inhabitants, coining and printingpresses willbe running for three years straight to produce 2.8 billion coins and 380 million bank notes by January 1, 2002.",False,low,short_word,0
254,11.0,9,"Kó tó di ìgbà ìpàdé ìrọ̀lẹ́ ọjọ́ Tuesday yẹn, alábòójútó àyíká àti olùṣekòkáárí ìgbìmọ̀ àwọn alàgbà tàbí alàgbà mí ìápàdé láti jíròrò ìbéèrè èyíkéyìí tó ní lẹ́yìn tó ti ṣe àyẹ̀wò àwọn àkọsílẹ̀ náà","Tá a bá ń “gbàdúrà láìdabọ̀,” èyíáfi hàn pé ìgbàgbọ́ wa jinlẹ̀ lóòótọ́.—1 Tẹsalóníkà 5:17.To “pray constantly” in this way shows we have genuine faith. —1 Thessalonians 5:17.jw2019",False,low,short_word,0
255,11.0,9,"Kó tó di ìgbà ìpàdé ìrọ̀lẹ́ ọjọ́ Tuesday yẹn, alábòójútó àyíká àti olùṣekòkáárí ìgbìmọ̀ àwọn alàgbà tàbí alàgbà mí ìápàdé láti jíròrò ìbéèrè èyíkéyìí tó ní lẹ́yìn tó ti ṣe àyẹ̀wò àwọn àkọsílẹ̀ náà","Sometime before the Tuesday evening meeting, the circuit overseer meets with the coordinator or another local elder to discuss any questionshehas as a result of reviewing the records.",False,low,short_word,0
256,,9,"Tá a bá ń “gbàdúrà láìdabọ̀,” èyíáfi hàn pé ìgbàgbọ́ wa jinlẹ̀ lóòótọ́",Kí ló fàátí ìwà ìbàjẹ́ kò fi tíì kásẹ̀ nílẹ̀?Whydoes corruption persist?jw2019,False,low,short_word,0
257,11.0,9,"Tá a bá ń “gbàdúrà láìdabọ̀,” èyíáfi hàn pé ìgbàgbọ́ wa jinlẹ̀ lóòótọ́",To “pray constantly” in this way shows we have genuine faith. —1 Thessalonians 5:17.,False,low,short_word,0
258,,9,Kí ló fàátí ìwà ìbàjẹ́ kò fi tíì kásẹ̀ nílẹ̀,Whydoes corruption persist?,False,low,short_word,0
259,13.0,9,(a) Báwo ni ìṣọ̀kan ìjọsìnáṣe gbòòrò tó lẹ́yìn-ọ̀-rẹyìn,7. (a) To what extentwillunity of worship eventually be achieved?,False,low,short_word,0
260,13.0,9,A gbàáládùúrà pé kíwọ àtàwọn ìdílé ẹ wà lára àwọn tó máa gbádùn àwọn ìbùkún ayérayé tí Ìjọba Ọlọ́run máa mú wá,"7 Tá a bá ní ìtòlẹ́sẹẹsẹ tó jíire fún àwọn nǹkan tẹ̀mí, ìyẹnájẹ́ ká máa rí ọ̀pọ̀ ohun tó ń gbéni ró sọ.7 Having a good spiritual routine provides uswithplenty of topics for upbuilding conversations.jw2019",False,low,short_word,0
261,11.0,9,A gbàáládùúrà pé kíwọ àtàwọn ìdílé ẹ wà lára àwọn tó máa gbádùn àwọn ìbùkún ayérayé tí Ìjọba Ọlọ́run máa mú wá,May you and your family be among those who will reap the everlasting benefits that God’s Kingdom will bring.,False,low,short_word,0
262,13.0,9,"7 Tá a bá ní ìtòlẹ́sẹẹsẹ tó jíire fún àwọn nǹkan tẹ̀mí, ìyẹnájẹ́ ká máa rí ọ̀pọ̀ ohun tó ń gbéni ró sọ",7 Having a good spiritual routine provides uswithplenty of topics for upbuilding conversations.,False,low,short_word,0
263,,9,"Ọ̀nà jíjìn ni púpọ̀ lára àwọn tó di onígbàgbọ́ ti wá sí Jerúsálẹ́mù, wọn ò sì ní oúnjẹ tó pọ̀ tó èyí tí wọ́náfi lè dúró pẹ́ níbẹ̀",Báwo la ṣe lè fi hàn pé a fẹ́ràn Jèhófà?— Ohun àkọ́kọ́ ni pé kíámọ Jèhófà dáadáa pé ó jẹ́ Ọ̀rẹ́ wa.How can we show that we love Jehovah?— One way is by getting to knowhimas a Friend.jw2019,False,low,short_word,0
264,11.0,9,"Ọ̀nà jíjìn ni púpọ̀ lára àwọn tó di onígbàgbọ́ ti wá sí Jerúsálẹ́mù, wọn ò sì ní oúnjẹ tó pọ̀ tó èyí tí wọ́náfi lè dúró pẹ́ níbẹ̀",Many who became believers had come from faraway places and were without enough provisionsto extendtheir stay in Jerusalem.,False,low,short_word,0
265,,9,— Ohun àkọ́kọ́ ni pé kíámọ Jèhófà dáadáa pé ó jẹ́ Ọ̀rẹ́ wa,How can we show that we love Jehovah?— One way is by getting to knowhimas a Friend.,False,low,short_word,0
266,13.0,9,"Ọ̀pọ̀ tí ó wà ní ipò Jonatani ì bá ti jowú Dafidi, ní kíkàásí abánidíje","Many in Jonathan’s position would have been jealous of David, viewinghim asa rival.",False,low,short_word,0
267,11.0,9,"Ìgbà náà ni wọ́nárí ogún wọn ti orí ilẹ̀ ayé gbà, ‘ìjọba tí a ti pèsè sílẹ̀ fún wọn láti ìgbà pípilẹ̀ ayé","Thentheywill enter into their earthly inheritance, ‘the kingdom prepared for them from the founding of the world.’",False,low,short_word,0
268,11.0,9,"(10) Kí ni àwọn oníṣègùn tí iye wọn túbọ̀ ń pọ̀ sí i ti ń múra tán láti ṣe báyìí fún àwọn Ẹlẹ́rìí Jèhófà, kí ló sì ṣeé ṣe kó wá di ìlànà ìtọ́jú tí wọ́námáa lò fún gbogbo aláìsàn bí àkókò ti ń lọ",Bí ara bá sì ṣe ń gbìyànjú láti mú kèrékèré yìí padà sípò ni àwọn ìṣòro pẹ́ẹ́pẹ̀ẹ̀pẹ́ mìírànámáa yọjú.Pathological changes occur as the body attempts to repair thedamagedcartilage.jw2019,False,low,short_word,0
269,11.0,9,"(10) Kí ni àwọn oníṣègùn tí iye wọn túbọ̀ ń pọ̀ sí i ti ń múra tán láti ṣe báyìí fún àwọn Ẹlẹ́rìí Jèhófà, kí ló sì ṣeé ṣe kó wá di ìlànà ìtọ́jú tí wọ́námáa lò fún gbogbo aláìsàn bí àkókò ti ń lọ","(10) What are a growing number of physicians willing to do for Jehovah’s Witnesses, and what may eventually become the standard of care for all patients?",False,low,short_word,0
270,11.0,9,Bí ara bá sì ṣe ń gbìyànjú láti mú kèrékèré yìí padà sípò ni àwọn ìṣòro pẹ́ẹ́pẹ̀ẹ̀pẹ́ mìírànámáa yọjú,Pathological changes occur as the body attempts to repair thedamagedcartilage.,False,low,short_word,0
271,11.0,9,"Olórí ohun tó sì fàáni ipò tó bá Bíbélì mu táwọn Ẹlẹ́rìí dì mú lórí àwọn ọ̀ràn bí ìfàjẹ̀sínilára, àìdásí-tọ̀túntòsì, sìgá mímu, àti ìwà rere","12 Àmọ́ ìdààmú bá Sekaráyà nítorí ohun tó rí, ẹ̀rù sì bàágidigidi.12 But Zech·a·riʹah became troubled at the sight, andhewas overcome with fear.jw2019",False,low,short_word,0
272,11.0,9,"Olórí ohun tó sì fàáni ipò tó bá Bíbélì mu táwọn Ẹlẹ́rìí dì mú lórí àwọn ọ̀ràn bí ìfàjẹ̀sínilára, àìdásí-tọ̀túntòsì, sìgá mímu, àti ìwà rere","This is mainly because of the Witnesses’ Bible-based position on such matters as blood transfusions, neutrality, smoking, and morals.",False,low,short_word,0
273,11.0,9,"12 Àmọ́ ìdààmú bá Sekaráyà nítorí ohun tó rí, ẹ̀rù sì bàágidigidi","12 But Zech·a·riʹah became troubled at the sight, andhewas overcome with fear.",False,low,short_word,0
274,11.0,9,"Wọ́n tún fi kún un pé: “Àjọṣe téèyàn fi ayọ̀ bẹ̀rẹ̀, tí ọkàn èèyàn sì balẹ̀ pé nǹkanáyọrí sí dáadáa,áwá di èyí tó ń fayé súni tó sì ń kó ẹ̀dùn ọkàn báni gidigidi","Wọ́námáa yọ̀ gidigidi, inú wọnásì máa dùn,Exultation and rejoicingwill betheirs,jw2019",False,low,short_word,0
275,11.0,9,"Wọ́n tún fi kún un pé: “Àjọṣe téèyàn fi ayọ̀ bẹ̀rẹ̀, tí ọkàn èèyàn sì balẹ̀ pé nǹkanáyọrí sí dáadáa,áwá di èyí tó ń fayé súni tó sì ń kó ẹ̀dùn ọkàn báni gidigidi",Theyadd: “What starts out as a relationship of great joy and promise can become the most frustrating and painful endeavor in a person’s lifetime.”,False,low,short_word,0
276,11.0,9,"Lọ́jọ́ kan, gbogbo àwọn tó ń gbé láyé yóò di tẹ̀gbọ́n tàbúrò, tí gbogbo wọnámáa fi ìṣọ̀kan jọ́sìn Ọlọ́run tòótọ́ àti Baba gbogbo wa","Someday all who live on earth will be brothers and sisters, united in worship of the true God and Father of all.",False,low,short_word,0
